region,LandAllocatorRoot,LandNode1,LandNode2,LandNode3,LandNode4,is.ghost.share.relative
USA,root,AgroForestLand_ArkWhtRedR,AgroForest_NonPasture_ArkWhtRedR,CropLand_ArkWhtRedR,biomass_grass_ArkWhtRedR,1
USA,root,AgroForestLand_California,AgroForest_NonPasture_California,CropLand_California,biomass_grass_California,1
USA,root,AgroForestLand_Caribbean,AgroForest_NonPasture_Caribbean,CropLand_Caribbean,biomass_grass_Caribbean,1
USA,root,AgroForestLand_FraserR,AgroForest_NonPasture_FraserR,CropLand_FraserR,biomass_grass_FraserR,1
USA,root,AgroForestLand_GreatBasin,AgroForest_NonPasture_GreatBasin,CropLand_GreatBasin,biomass_grass_GreatBasin,1
USA,root,AgroForestLand_GreatLakes,AgroForest_NonPasture_GreatLakes,CropLand_GreatLakes,biomass_grass_GreatLakes,1
USA,root,AgroForestLand_MexCstNW,AgroForest_NonPasture_MexCstNW,CropLand_MexCstNW,biomass_grass_MexCstNW,1
USA,root,AgroForestLand_MissouriR,AgroForest_NonPasture_MissouriR,CropLand_MissouriR,biomass_grass_MissouriR,1
USA,root,AgroForestLand_MissppRN,AgroForest_NonPasture_MissppRN,CropLand_MissppRN,biomass_grass_MissppRN,1
USA,root,AgroForestLand_MissppRS,AgroForest_NonPasture_MissppRS,CropLand_MissppRS,biomass_grass_MissppRS,1
USA,root,AgroForestLand_NelsonR,AgroForest_NonPasture_NelsonR,CropLand_NelsonR,biomass_grass_NelsonR,1
USA,root,AgroForestLand_OhioR,AgroForest_NonPasture_OhioR,CropLand_OhioR,biomass_grass_OhioR,1
USA,root,AgroForestLand_RioGrande,AgroForest_NonPasture_RioGrande,CropLand_RioGrande,biomass_grass_RioGrande,1
USA,root,AgroForestLand_TennR,AgroForest_NonPasture_TennR,CropLand_TennR,biomass_grass_TennR,1
USA,root,AgroForestLand_TexasCst,AgroForest_NonPasture_TexasCst,CropLand_TexasCst,biomass_grass_TexasCst,1
USA,root,AgroForestLand_UsaColoRN,AgroForest_NonPasture_UsaColoRN,CropLand_UsaColoRN,biomass_grass_UsaColoRN,1
USA,root,AgroForestLand_UsaColoRS,AgroForest_NonPasture_UsaColoRS,CropLand_UsaColoRS,biomass_grass_UsaColoRS,1
USA,root,AgroForestLand_UsaCstE,AgroForest_NonPasture_UsaCstE,CropLand_UsaCstE,biomass_grass_UsaCstE,1
USA,root,AgroForestLand_UsaCstNE,AgroForest_NonPasture_UsaCstNE,CropLand_UsaCstNE,biomass_grass_UsaCstNE,1
USA,root,AgroForestLand_UsaCstSE,AgroForest_NonPasture_UsaCstSE,CropLand_UsaCstSE,biomass_grass_UsaCstSE,1
USA,root,AgroForestLand_UsaPacNW,AgroForest_NonPasture_UsaPacNW,CropLand_UsaPacNW,biomass_grass_UsaPacNW,1
Africa_Eastern,root,AgroForestLand_AfrCstE,AgroForest_NonPasture_AfrCstE,CropLand_AfrCstE,biomass_grass_AfrCstE,1
Africa_Eastern,root,AgroForestLand_AfrCstNE,AgroForest_NonPasture_AfrCstNE,CropLand_AfrCstNE,biomass_grass_AfrCstNE,1
Africa_Eastern,root,AgroForestLand_AfrIntN,AgroForest_NonPasture_AfrIntN,CropLand_AfrIntN,biomass_grass_AfrIntN,1
Africa_Eastern,root,AgroForestLand_CongoR,AgroForest_NonPasture_CongoR,CropLand_CongoR,biomass_grass_CongoR,1
Africa_Eastern,root,AgroForestLand_LChad,AgroForest_NonPasture_LChad,CropLand_LChad,biomass_grass_LChad,1
Africa_Eastern,root,AgroForestLand_Madasgacar,AgroForest_NonPasture_Madasgacar,CropLand_Madasgacar,biomass_grass_Madasgacar,1
Africa_Eastern,root,AgroForestLand_NileR,AgroForest_NonPasture_NileR,CropLand_NileR,biomass_grass_NileR,1
Africa_Eastern,root,AgroForestLand_RiftValley,AgroForest_NonPasture_RiftValley,CropLand_RiftValley,biomass_grass_RiftValley,1
Africa_Eastern,root,AgroForestLand_ShebJubR,AgroForest_NonPasture_ShebJubR,CropLand_ShebJubR,biomass_grass_ShebJubR,1
Africa_Northern,root,AgroForestLand_AfrCstNE,AgroForest_NonPasture_AfrCstNE,CropLand_AfrCstNE,biomass_grass_AfrCstNE,1
Africa_Northern,root,AgroForestLand_AfrCstNW,AgroForest_NonPasture_AfrCstNW,CropLand_AfrCstNW,biomass_grass_AfrCstNW,1
Africa_Northern,root,AgroForestLand_AfrIntN,AgroForest_NonPasture_AfrIntN,CropLand_AfrIntN,biomass_grass_AfrIntN,1
Africa_Northern,root,AgroForestLand_MeditE,AgroForest_NonPasture_MeditE,CropLand_MeditE,biomass_grass_MeditE,1
Africa_Northern,root,AgroForestLand_MeditS,AgroForest_NonPasture_MeditS,CropLand_MeditS,biomass_grass_MeditS,1
Africa_Northern,root,AgroForestLand_NileR,AgroForest_NonPasture_NileR,CropLand_NileR,biomass_grass_NileR,1
Africa_Southern,root,AgroForestLand_AfrCstE,AgroForest_NonPasture_AfrCstE,CropLand_AfrCstE,biomass_grass_AfrCstE,1
Africa_Southern,root,AgroForestLand_AfrCstS,AgroForest_NonPasture_AfrCstS,CropLand_AfrCstS,biomass_grass_AfrCstS,1
Africa_Southern,root,AgroForestLand_AfrCstSE,AgroForest_NonPasture_AfrCstSE,CropLand_AfrCstSE,biomass_grass_AfrCstSE,1
Africa_Southern,root,AgroForestLand_AfrCstSW,AgroForest_NonPasture_AfrCstSW,CropLand_AfrCstSW,biomass_grass_AfrCstSW,1
Africa_Southern,root,AgroForestLand_AfrIntS,AgroForest_NonPasture_AfrIntS,CropLand_AfrIntS,biomass_grass_AfrIntS,1
Africa_Southern,root,AgroForestLand_AngolaCst,AgroForest_NonPasture_AngolaCst,CropLand_AngolaCst,biomass_grass_AngolaCst,1
Africa_Southern,root,AgroForestLand_CongoR,AgroForest_NonPasture_CongoR,CropLand_CongoR,biomass_grass_CongoR,1
Africa_Southern,root,AgroForestLand_GuineaGulf,AgroForest_NonPasture_GuineaGulf,CropLand_GuineaGulf,biomass_grass_GuineaGulf,1
Africa_Southern,root,AgroForestLand_LimpopoR,AgroForest_NonPasture_LimpopoR,CropLand_LimpopoR,biomass_grass_LimpopoR,1
Africa_Southern,root,AgroForestLand_NileR,AgroForest_NonPasture_NileR,CropLand_NileR,biomass_grass_NileR,1
Africa_Southern,root,AgroForestLand_OrangeR,AgroForest_NonPasture_OrangeR,CropLand_OrangeR,biomass_grass_OrangeR,1
Africa_Southern,root,AgroForestLand_RiftValley,AgroForest_NonPasture_RiftValley,CropLand_RiftValley,biomass_grass_RiftValley,1
Africa_Southern,root,AgroForestLand_ZambeziR,AgroForest_NonPasture_ZambeziR,CropLand_ZambeziR,biomass_grass_ZambeziR,1
Africa_Western,root,AgroForestLand_AfrCstNW,AgroForest_NonPasture_AfrCstNW,CropLand_AfrCstNW,biomass_grass_AfrCstNW,1
Africa_Western,root,AgroForestLand_AfrCstW,AgroForest_NonPasture_AfrCstW,CropLand_AfrCstW,biomass_grass_AfrCstW,1
Africa_Western,root,AgroForestLand_AfrIntN,AgroForest_NonPasture_AfrIntN,CropLand_AfrIntN,biomass_grass_AfrIntN,1
Africa_Western,root,AgroForestLand_CongoR,AgroForest_NonPasture_CongoR,CropLand_CongoR,biomass_grass_CongoR,1
Africa_Western,root,AgroForestLand_GuineaGulf,AgroForest_NonPasture_GuineaGulf,CropLand_GuineaGulf,biomass_grass_GuineaGulf,1
Africa_Western,root,AgroForestLand_LChad,AgroForest_NonPasture_LChad,CropLand_LChad,biomass_grass_LChad,1
Africa_Western,root,AgroForestLand_NigerR,AgroForest_NonPasture_NigerR,CropLand_NigerR,biomass_grass_NigerR,1
Africa_Western,root,AgroForestLand_NileR,AgroForest_NonPasture_NileR,CropLand_NileR,biomass_grass_NileR,1
Africa_Western,root,AgroForestLand_SenegalR,AgroForest_NonPasture_SenegalR,CropLand_SenegalR,biomass_grass_SenegalR,1
Africa_Western,root,AgroForestLand_VoltaR,AgroForest_NonPasture_VoltaR,CropLand_VoltaR,biomass_grass_VoltaR,1
Africa_Western,root,AgroForestLand_ZambeziR,AgroForest_NonPasture_ZambeziR,CropLand_ZambeziR,biomass_grass_ZambeziR,1
Australia_NZ,root,AgroForestLand_AusCstE,AgroForest_NonPasture_AusCstE,CropLand_AusCstE,biomass_grass_AusCstE,1
Australia_NZ,root,AgroForestLand_AusCstN,AgroForest_NonPasture_AusCstN,CropLand_AusCstN,biomass_grass_AusCstN,1
Australia_NZ,root,AgroForestLand_AusCstS,AgroForest_NonPasture_AusCstS,CropLand_AusCstS,biomass_grass_AusCstS,1
Australia_NZ,root,AgroForestLand_AusCstW,AgroForest_NonPasture_AusCstW,CropLand_AusCstW,biomass_grass_AusCstW,1
Australia_NZ,root,AgroForestLand_AusInt,AgroForest_NonPasture_AusInt,CropLand_AusInt,biomass_grass_AusInt,1
Australia_NZ,root,AgroForestLand_MurrayDrlg,AgroForest_NonPasture_MurrayDrlg,CropLand_MurrayDrlg,biomass_grass_MurrayDrlg,1
Australia_NZ,root,AgroForestLand_NewZealand,AgroForest_NonPasture_NewZealand,CropLand_NewZealand,biomass_grass_NewZealand,1
Australia_NZ,root,AgroForestLand_Tasmania,AgroForest_NonPasture_Tasmania,CropLand_Tasmania,biomass_grass_Tasmania,1
Brazil,root,AgroForestLand_AmazonR,AgroForest_NonPasture_AmazonR,CropLand_AmazonR,biomass_grass_AmazonR,1
Brazil,root,AgroForestLand_BrzCstE,AgroForest_NonPasture_BrzCstE,CropLand_BrzCstE,biomass_grass_BrzCstE,1
Brazil,root,AgroForestLand_BrzCstN,AgroForest_NonPasture_BrzCstN,CropLand_BrzCstN,biomass_grass_BrzCstN,1
Brazil,root,AgroForestLand_BrzCstS,AgroForest_NonPasture_BrzCstS,CropLand_BrzCstS,biomass_grass_BrzCstS,1
Brazil,root,AgroForestLand_OrinocoR,AgroForest_NonPasture_OrinocoR,CropLand_OrinocoR,biomass_grass_OrinocoR,1
Brazil,root,AgroForestLand_ParnaibaR,AgroForest_NonPasture_ParnaibaR,CropLand_ParnaibaR,biomass_grass_ParnaibaR,1
Brazil,root,AgroForestLand_RioLaPlata,AgroForest_NonPasture_RioLaPlata,CropLand_RioLaPlata,biomass_grass_RioLaPlata,1
Brazil,root,AgroForestLand_SAmerCstNE,AgroForest_NonPasture_SAmerCstNE,CropLand_SAmerCstNE,biomass_grass_SAmerCstNE,1
Brazil,root,AgroForestLand_SaoFrancR,AgroForest_NonPasture_SaoFrancR,CropLand_SaoFrancR,biomass_grass_SaoFrancR,1
Brazil,root,AgroForestLand_TocantinsR,AgroForest_NonPasture_TocantinsR,CropLand_TocantinsR,biomass_grass_TocantinsR,1
Canada,root,AgroForestLand_CanAtl,AgroForest_NonPasture_CanAtl,CropLand_CanAtl,biomass_grass_CanAtl,1
Canada,root,AgroForestLand_FraserR,AgroForest_NonPasture_FraserR,CropLand_FraserR,biomass_grass_FraserR,1
Canada,root,AgroForestLand_GreatLakes,AgroForest_NonPasture_GreatLakes,CropLand_GreatLakes,biomass_grass_GreatLakes,1
Canada,root,AgroForestLand_HudsonBay,AgroForest_NonPasture_HudsonBay,CropLand_HudsonBay,biomass_grass_HudsonBay,1
Canada,root,AgroForestLand_Mackenzie,AgroForest_NonPasture_Mackenzie,CropLand_Mackenzie,biomass_grass_Mackenzie,1
Canada,root,AgroForestLand_MissouriR,AgroForest_NonPasture_MissouriR,CropLand_MissouriR,biomass_grass_MissouriR,1
Canada,root,AgroForestLand_NelsonR,AgroForest_NonPasture_NelsonR,CropLand_NelsonR,biomass_grass_NelsonR,1
Canada,root,AgroForestLand_NWTerr,AgroForest_NonPasture_NWTerr,CropLand_NWTerr,biomass_grass_NWTerr,1
Canada,root,AgroForestLand_PacArctic,AgroForest_NonPasture_PacArctic,CropLand_PacArctic,biomass_grass_PacArctic,1
Canada,root,AgroForestLand_StLwrncR,AgroForest_NonPasture_StLwrncR,CropLand_StLwrncR,biomass_grass_StLwrncR,1
Canada,root,AgroForestLand_UsaCstNE,AgroForest_NonPasture_UsaCstNE,CropLand_UsaCstNE,biomass_grass_UsaCstNE,1
Canada,root,AgroForestLand_UsaPacNW,AgroForest_NonPasture_UsaPacNW,CropLand_UsaPacNW,biomass_grass_UsaPacNW,1
Central America and Caribbean,root,AgroForestLand_Caribbean,AgroForest_NonPasture_Caribbean,CropLand_Caribbean,biomass_grass_Caribbean,1
Central America and Caribbean,root,AgroForestLand_CntAmer,AgroForest_NonPasture_CntAmer,CropLand_CntAmer,biomass_grass_CntAmer,1
Central America and Caribbean,root,AgroForestLand_ColEcuaCst,AgroForest_NonPasture_ColEcuaCst,CropLand_ColEcuaCst,biomass_grass_ColEcuaCst,1
Central America and Caribbean,root,AgroForestLand_GrijUsuR,AgroForest_NonPasture_GrijUsuR,CropLand_GrijUsuR,biomass_grass_GrijUsuR,1
Central America and Caribbean,root,AgroForestLand_SAmerCstN,AgroForest_NonPasture_SAmerCstN,CropLand_SAmerCstN,biomass_grass_SAmerCstN,1
Central America and Caribbean,root,AgroForestLand_YucatanP,AgroForest_NonPasture_YucatanP,CropLand_YucatanP,biomass_grass_YucatanP,1
Central Asia,root,AgroForestLand_AmuDaryaR,AgroForest_NonPasture_AmuDaryaR,CropLand_AmuDaryaR,biomass_grass_AmuDaryaR,1
Central Asia,root,AgroForestLand_AmurR,AgroForest_NonPasture_AmurR,CropLand_AmurR,biomass_grass_AmurR,1
Central Asia,root,AgroForestLand_BlackSeaN,AgroForest_NonPasture_BlackSeaN,CropLand_BlackSeaN,biomass_grass_BlackSeaN,1
Central Asia,root,AgroForestLand_BlackSeaS,AgroForest_NonPasture_BlackSeaS,CropLand_BlackSeaS,biomass_grass_BlackSeaS,1
Central Asia,root,AgroForestLand_CaspianE,AgroForest_NonPasture_CaspianE,CropLand_CaspianE,biomass_grass_CaspianE,1
Central Asia,root,AgroForestLand_CaspianNE,AgroForest_NonPasture_CaspianNE,CropLand_CaspianNE,biomass_grass_CaspianNE,1
Central Asia,root,AgroForestLand_CaspianSW,AgroForest_NonPasture_CaspianSW,CropLand_CaspianSW,biomass_grass_CaspianSW,1
Central Asia,root,AgroForestLand_Gobi,AgroForest_NonPasture_Gobi,CropLand_Gobi,biomass_grass_Gobi,1
Central Asia,root,AgroForestLand_LBalkash,AgroForest_NonPasture_LBalkash,CropLand_LBalkash,biomass_grass_LBalkash,1
Central Asia,root,AgroForestLand_ObR,AgroForest_NonPasture_ObR,CropLand_ObR,biomass_grass_ObR,1
Central Asia,root,AgroForestLand_SyrDaryaR,AgroForest_NonPasture_SyrDaryaR,CropLand_SyrDaryaR,biomass_grass_SyrDaryaR,1
Central Asia,root,AgroForestLand_Tarim,AgroForest_NonPasture_Tarim,CropLand_Tarim,biomass_grass_Tarim,1
Central Asia,root,AgroForestLand_UralR,AgroForest_NonPasture_UralR,CropLand_UralR,biomass_grass_UralR,1
Central Asia,root,AgroForestLand_VolgaR,AgroForest_NonPasture_VolgaR,CropLand_VolgaR,biomass_grass_VolgaR,1
Central Asia,root,AgroForestLand_YeniseiR,AgroForest_NonPasture_YeniseiR,CropLand_YeniseiR,biomass_grass_YeniseiR,1
China,root,AgroForestLand_AmurR,AgroForest_NonPasture_AmurR,CropLand_AmurR,biomass_grass_AmurR,1
China,root,AgroForestLand_BoHai,AgroForest_NonPasture_BoHai,CropLand_BoHai,biomass_grass_BoHai,1
China,root,AgroForestLand_ChinaCst,AgroForest_NonPasture_ChinaCst,CropLand_ChinaCst,biomass_grass_ChinaCst,1
China,root,AgroForestLand_GangesR,AgroForest_NonPasture_GangesR,CropLand_GangesR,biomass_grass_GangesR,1
China,root,AgroForestLand_Gobi,AgroForest_NonPasture_Gobi,CropLand_Gobi,biomass_grass_Gobi,1
China,root,AgroForestLand_Hainan,AgroForest_NonPasture_Hainan,CropLand_Hainan,biomass_grass_Hainan,1
China,root,AgroForestLand_Hong,AgroForest_NonPasture_Hong,CropLand_Hong,biomass_grass_Hong,1
China,root,AgroForestLand_HuangHeR,AgroForest_NonPasture_HuangHeR,CropLand_HuangHeR,biomass_grass_HuangHeR,1
China,root,AgroForestLand_IndusR,AgroForest_NonPasture_IndusR,CropLand_IndusR,biomass_grass_IndusR,1
China,root,AgroForestLand_IrrawaddyR,AgroForest_NonPasture_IrrawaddyR,CropLand_IrrawaddyR,biomass_grass_IrrawaddyR,1
China,root,AgroForestLand_LBalkash,AgroForest_NonPasture_LBalkash,CropLand_LBalkash,biomass_grass_LBalkash,1
China,root,AgroForestLand_Mekong,AgroForest_NonPasture_Mekong,CropLand_Mekong,biomass_grass_Mekong,1
China,root,AgroForestLand_ObR,AgroForest_NonPasture_ObR,CropLand_ObR,biomass_grass_ObR,1
China,root,AgroForestLand_RusCstSE,AgroForest_NonPasture_RusCstSE,CropLand_RusCstSE,biomass_grass_RusCstSE,1
China,root,AgroForestLand_Salween,AgroForest_NonPasture_Salween,CropLand_Salween,biomass_grass_Salween,1
China,root,AgroForestLand_SChinaSea,AgroForest_NonPasture_SChinaSea,CropLand_SChinaSea,biomass_grass_SChinaSea,1
China,root,AgroForestLand_SyrDaryaR,AgroForest_NonPasture_SyrDaryaR,CropLand_SyrDaryaR,biomass_grass_SyrDaryaR,1
China,root,AgroForestLand_Taiwan,AgroForest_NonPasture_Taiwan,CropLand_Taiwan,biomass_grass_Taiwan,1
China,root,AgroForestLand_Tarim,AgroForest_NonPasture_Tarim,CropLand_Tarim,biomass_grass_Tarim,1
China,root,AgroForestLand_Tibet,AgroForest_NonPasture_Tibet,CropLand_Tibet,biomass_grass_Tibet,1
China,root,AgroForestLand_XunJiang,AgroForest_NonPasture_XunJiang,CropLand_XunJiang,biomass_grass_XunJiang,1
China,root,AgroForestLand_Yangtze,AgroForest_NonPasture_Yangtze,CropLand_Yangtze,biomass_grass_Yangtze,1
China,root,AgroForestLand_ZiyaHe,AgroForest_NonPasture_ZiyaHe,CropLand_ZiyaHe,biomass_grass_ZiyaHe,1
EU-12,root,AgroForestLand_AdrBlkSea,AgroForest_NonPasture_AdrBlkSea,CropLand_AdrBlkSea,biomass_grass_AdrBlkSea,1
EU-12,root,AgroForestLand_BalticSea,AgroForest_NonPasture_BalticSea,CropLand_BalticSea,biomass_grass_BalticSea,1
EU-12,root,AgroForestLand_DanubeR,AgroForest_NonPasture_DanubeR,CropLand_DanubeR,biomass_grass_DanubeR,1
EU-12,root,AgroForestLand_DaugavaR,AgroForest_NonPasture_DaugavaR,CropLand_DaugavaR,biomass_grass_DaugavaR,1
EU-12,root,AgroForestLand_DniesterR,AgroForest_NonPasture_DniesterR,CropLand_DniesterR,biomass_grass_DniesterR,1
EU-12,root,AgroForestLand_DnkGrmCst,AgroForest_NonPasture_DnkGrmCst,CropLand_DnkGrmCst,biomass_grass_DnkGrmCst,1
EU-12,root,AgroForestLand_ElbeR,AgroForest_NonPasture_ElbeR,CropLand_ElbeR,biomass_grass_ElbeR,1
EU-12,root,AgroForestLand_MeditE,AgroForest_NonPasture_MeditE,CropLand_MeditE,biomass_grass_MeditE,1
EU-12,root,AgroForestLand_NarvaR,AgroForest_NonPasture_NarvaR,CropLand_NarvaR,biomass_grass_NarvaR,1
EU-12,root,AgroForestLand_NemanR,AgroForest_NonPasture_NemanR,CropLand_NemanR,biomass_grass_NemanR,1
EU-12,root,AgroForestLand_OderR,AgroForest_NonPasture_OderR,CropLand_OderR,biomass_grass_OderR,1
EU-12,root,AgroForestLand_PolandCst,AgroForest_NonPasture_PolandCst,CropLand_PolandCst,biomass_grass_PolandCst,1
EU-12,root,AgroForestLand_WislaR,AgroForest_NonPasture_WislaR,CropLand_WislaR,biomass_grass_WislaR,1
EU-15,root,AgroForestLand_AdrBlkSea,AgroForest_NonPasture_AdrBlkSea,CropLand_AdrBlkSea,biomass_grass_AdrBlkSea,1
EU-15,root,AgroForestLand_DanubeR,AgroForest_NonPasture_DanubeR,CropLand_DanubeR,biomass_grass_DanubeR,1
EU-15,root,AgroForestLand_DnkGrmCst,AgroForest_NonPasture_DnkGrmCst,CropLand_DnkGrmCst,biomass_grass_DnkGrmCst,1
EU-15,root,AgroForestLand_DouroR,AgroForest_NonPasture_DouroR,CropLand_DouroR,biomass_grass_DouroR,1
EU-15,root,AgroForestLand_EbroR,AgroForest_NonPasture_EbroR,CropLand_EbroR,biomass_grass_EbroR,1
EU-15,root,AgroForestLand_ElbeR,AgroForest_NonPasture_ElbeR,CropLand_ElbeR,biomass_grass_ElbeR,1
EU-15,root,AgroForestLand_EmsWeserR,AgroForest_NonPasture_EmsWeserR,CropLand_EmsWeserR,biomass_grass_EmsWeserR,1
EU-15,root,AgroForestLand_EngWales,AgroForest_NonPasture_EngWales,CropLand_EngWales,biomass_grass_EngWales,1
EU-15,root,AgroForestLand_Finland,AgroForest_NonPasture_Finland,CropLand_Finland,biomass_grass_Finland,1
EU-15,root,AgroForestLand_FranceCstS,AgroForest_NonPasture_FranceCstS,CropLand_FranceCstS,biomass_grass_FranceCstS,1
EU-15,root,AgroForestLand_FranceCstW,AgroForest_NonPasture_FranceCstW,CropLand_FranceCstW,biomass_grass_FranceCstW,1
EU-15,root,AgroForestLand_Gironde,AgroForest_NonPasture_Gironde,CropLand_Gironde,biomass_grass_Gironde,1
EU-15,root,AgroForestLand_GuadalqR,AgroForest_NonPasture_GuadalqR,CropLand_GuadalqR,biomass_grass_GuadalqR,1
EU-15,root,AgroForestLand_GuadianaR,AgroForest_NonPasture_GuadianaR,CropLand_GuadianaR,biomass_grass_GuadianaR,1
EU-15,root,AgroForestLand_IberiaCst,AgroForest_NonPasture_IberiaCst,CropLand_IberiaCst,biomass_grass_IberiaCst,1
EU-15,root,AgroForestLand_Ireland,AgroForest_NonPasture_Ireland,CropLand_Ireland,biomass_grass_Ireland,1
EU-15,root,AgroForestLand_ItalyCstE,AgroForest_NonPasture_ItalyCstE,CropLand_ItalyCstE,biomass_grass_ItalyCstE,1
EU-15,root,AgroForestLand_ItalyCstW,AgroForest_NonPasture_ItalyCstW,CropLand_ItalyCstW,biomass_grass_ItalyCstW,1
EU-15,root,AgroForestLand_LoireR,AgroForest_NonPasture_LoireR,CropLand_LoireR,biomass_grass_LoireR,1
EU-15,root,AgroForestLand_MeditE,AgroForest_NonPasture_MeditE,CropLand_MeditE,biomass_grass_MeditE,1
EU-15,root,AgroForestLand_MeditIsl,AgroForest_NonPasture_MeditIsl,CropLand_MeditIsl,biomass_grass_MeditIsl,1
EU-15,root,AgroForestLand_NevaR,AgroForest_NonPasture_NevaR,CropLand_NevaR,biomass_grass_NevaR,1
EU-15,root,AgroForestLand_OderR,AgroForest_NonPasture_OderR,CropLand_OderR,biomass_grass_OderR,1
EU-15,root,AgroForestLand_PoR,AgroForest_NonPasture_PoR,CropLand_PoR,biomass_grass_PoR,1
EU-15,root,AgroForestLand_RhineR,AgroForest_NonPasture_RhineR,CropLand_RhineR,biomass_grass_RhineR,1
EU-15,root,AgroForestLand_RhoneR,AgroForest_NonPasture_RhoneR,CropLand_RhoneR,biomass_grass_RhoneR,1
EU-15,root,AgroForestLand_ScheldtR,AgroForest_NonPasture_ScheldtR,CropLand_ScheldtR,biomass_grass_ScheldtR,1
EU-15,root,AgroForestLand_Scotland,AgroForest_NonPasture_Scotland,CropLand_Scotland,biomass_grass_Scotland,1
EU-15,root,AgroForestLand_SeineR,AgroForest_NonPasture_SeineR,CropLand_SeineR,biomass_grass_SeineR,1
EU-15,root,AgroForestLand_SpainCstSE,AgroForest_NonPasture_SpainCstSE,CropLand_SpainCstSE,biomass_grass_SpainCstSE,1
EU-15,root,AgroForestLand_Sweden,AgroForest_NonPasture_Sweden,CropLand_Sweden,biomass_grass_Sweden,1
EU-15,root,AgroForestLand_TagusR,AgroForest_NonPasture_TagusR,CropLand_TagusR,biomass_grass_TagusR,1
EU-15,root,AgroForestLand_TiberR,AgroForest_NonPasture_TiberR,CropLand_TiberR,biomass_grass_TiberR,1
Europe_Eastern,root,AgroForestLand_BlackSeaN,AgroForest_NonPasture_BlackSeaN,CropLand_BlackSeaN,biomass_grass_BlackSeaN,1
Europe_Eastern,root,AgroForestLand_DanubeR,AgroForest_NonPasture_DanubeR,CropLand_DanubeR,biomass_grass_DanubeR,1
Europe_Eastern,root,AgroForestLand_DaugavaR,AgroForest_NonPasture_DaugavaR,CropLand_DaugavaR,biomass_grass_DaugavaR,1
Europe_Eastern,root,AgroForestLand_DnieperR,AgroForest_NonPasture_DnieperR,CropLand_DnieperR,biomass_grass_DnieperR,1
Europe_Eastern,root,AgroForestLand_DniesterR,AgroForest_NonPasture_DniesterR,CropLand_DniesterR,biomass_grass_DniesterR,1
Europe_Eastern,root,AgroForestLand_DonR,AgroForest_NonPasture_DonR,CropLand_DonR,biomass_grass_DonR,1
Europe_Eastern,root,AgroForestLand_NemanR,AgroForest_NonPasture_NemanR,CropLand_NemanR,biomass_grass_NemanR,1
Europe_Eastern,root,AgroForestLand_NevaR,AgroForest_NonPasture_NevaR,CropLand_NevaR,biomass_grass_NevaR,1
Europe_Eastern,root,AgroForestLand_WislaR,AgroForest_NonPasture_WislaR,CropLand_WislaR,biomass_grass_WislaR,1
Europe_Non_EU,root,AgroForestLand_AdrBlkSea,AgroForest_NonPasture_AdrBlkSea,CropLand_AdrBlkSea,biomass_grass_AdrBlkSea,1
Europe_Non_EU,root,AgroForestLand_BlackSeaS,AgroForest_NonPasture_BlackSeaS,CropLand_BlackSeaS,biomass_grass_BlackSeaS,1
Europe_Non_EU,root,AgroForestLand_CaspianSW,AgroForest_NonPasture_CaspianSW,CropLand_CaspianSW,biomass_grass_CaspianSW,1
Europe_Non_EU,root,AgroForestLand_DanubeR,AgroForest_NonPasture_DanubeR,CropLand_DanubeR,biomass_grass_DanubeR,1
Europe_Non_EU,root,AgroForestLand_EJrdnSyr,AgroForest_NonPasture_EJrdnSyr,CropLand_EJrdnSyr,biomass_grass_EJrdnSyr,1
Europe_Non_EU,root,AgroForestLand_MeditE,AgroForest_NonPasture_MeditE,CropLand_MeditE,biomass_grass_MeditE,1
Europe_Non_EU,root,AgroForestLand_TigrEuphR,AgroForest_NonPasture_TigrEuphR,CropLand_TigrEuphR,biomass_grass_TigrEuphR,1
European Free Trade Association,root,AgroForestLand_DanubeR,AgroForest_NonPasture_DanubeR,CropLand_DanubeR,biomass_grass_DanubeR,1
European Free Trade Association,root,AgroForestLand_PoR,AgroForest_NonPasture_PoR,CropLand_PoR,biomass_grass_PoR,1
European Free Trade Association,root,AgroForestLand_RhineR,AgroForest_NonPasture_RhineR,CropLand_RhineR,biomass_grass_RhineR,1
European Free Trade Association,root,AgroForestLand_RhoneR,AgroForest_NonPasture_RhoneR,CropLand_RhoneR,biomass_grass_RhoneR,1
European Free Trade Association,root,AgroForestLand_ScndnvN,AgroForest_NonPasture_ScndnvN,CropLand_ScndnvN,biomass_grass_ScndnvN,1
European Free Trade Association,root,AgroForestLand_Sweden,AgroForest_NonPasture_Sweden,CropLand_Sweden,biomass_grass_Sweden,1
India,root,AgroForestLand_BengalBay,AgroForest_NonPasture_BengalBay,CropLand_BengalBay,biomass_grass_BengalBay,1
India,root,AgroForestLand_BengalW,AgroForest_NonPasture_BengalW,CropLand_BengalW,biomass_grass_BengalW,1
India,root,AgroForestLand_BrahmaniR,AgroForest_NonPasture_BrahmaniR,CropLand_BrahmaniR,biomass_grass_BrahmaniR,1
India,root,AgroForestLand_CauveryR,AgroForest_NonPasture_CauveryR,CropLand_CauveryR,biomass_grass_CauveryR,1
India,root,AgroForestLand_GangesR,AgroForest_NonPasture_GangesR,CropLand_GangesR,biomass_grass_GangesR,1
India,root,AgroForestLand_GodavariR,AgroForest_NonPasture_GodavariR,CropLand_GodavariR,biomass_grass_GodavariR,1
India,root,AgroForestLand_IndCstE,AgroForest_NonPasture_IndCstE,CropLand_IndCstE,biomass_grass_IndCstE,1
India,root,AgroForestLand_IndCstNE,AgroForest_NonPasture_IndCstNE,CropLand_IndCstNE,biomass_grass_IndCstNE,1
India,root,AgroForestLand_IndCstS,AgroForest_NonPasture_IndCstS,CropLand_IndCstS,biomass_grass_IndCstS,1
India,root,AgroForestLand_IndCstW,AgroForest_NonPasture_IndCstW,CropLand_IndCstW,biomass_grass_IndCstW,1
India,root,AgroForestLand_IndusR,AgroForest_NonPasture_IndusR,CropLand_IndusR,biomass_grass_IndusR,1
India,root,AgroForestLand_IrrawaddyR,AgroForest_NonPasture_IrrawaddyR,CropLand_IrrawaddyR,biomass_grass_IrrawaddyR,1
India,root,AgroForestLand_KrishnaR,AgroForest_NonPasture_KrishnaR,CropLand_KrishnaR,biomass_grass_KrishnaR,1
India,root,AgroForestLand_MahanadiR,AgroForest_NonPasture_MahanadiR,CropLand_MahanadiR,biomass_grass_MahanadiR,1
India,root,AgroForestLand_MahiR,AgroForest_NonPasture_MahiR,CropLand_MahiR,biomass_grass_MahiR,1
India,root,AgroForestLand_NarmadaR,AgroForest_NonPasture_NarmadaR,CropLand_NarmadaR,biomass_grass_NarmadaR,1
India,root,AgroForestLand_PennarR,AgroForest_NonPasture_PennarR,CropLand_PennarR,biomass_grass_PennarR,1
India,root,AgroForestLand_SabarmatiR,AgroForest_NonPasture_SabarmatiR,CropLand_SabarmatiR,biomass_grass_SabarmatiR,1
India,root,AgroForestLand_TaptiR,AgroForest_NonPasture_TaptiR,CropLand_TaptiR,biomass_grass_TaptiR,1
Indonesia,root,AgroForestLand_BorneoCstN,AgroForest_NonPasture_BorneoCstN,CropLand_BorneoCstN,biomass_grass_BorneoCstN,1
Indonesia,root,AgroForestLand_FlyR,AgroForest_NonPasture_FlyR,CropLand_FlyR,biomass_grass_FlyR,1
Indonesia,root,AgroForestLand_IdnE,AgroForest_NonPasture_IdnE,CropLand_IdnE,biomass_grass_IdnE,1
Indonesia,root,AgroForestLand_IrianJaya,AgroForest_NonPasture_IrianJaya,CropLand_IrianJaya,biomass_grass_IrianJaya,1
Indonesia,root,AgroForestLand_JavaTimor,AgroForest_NonPasture_JavaTimor,CropLand_JavaTimor,biomass_grass_JavaTimor,1
Indonesia,root,AgroForestLand_Kalimantan,AgroForest_NonPasture_Kalimantan,CropLand_Kalimantan,biomass_grass_Kalimantan,1
Indonesia,root,AgroForestLand_MalaysiaP,AgroForest_NonPasture_MalaysiaP,CropLand_MalaysiaP,biomass_grass_MalaysiaP,1
Indonesia,root,AgroForestLand_SepikR,AgroForest_NonPasture_SepikR,CropLand_SepikR,biomass_grass_SepikR,1
Indonesia,root,AgroForestLand_Sulawesi,AgroForest_NonPasture_Sulawesi,CropLand_Sulawesi,biomass_grass_Sulawesi,1
Indonesia,root,AgroForestLand_Sumatra,AgroForest_NonPasture_Sumatra,CropLand_Sumatra,biomass_grass_Sumatra,1
Japan,root,AgroForestLand_Japan,AgroForest_NonPasture_Japan,CropLand_Japan,biomass_grass_Japan,1
Japan,root,AgroForestLand_Taiwan,AgroForest_NonPasture_Taiwan,CropLand_Taiwan,biomass_grass_Taiwan,1
Mexico,root,AgroForestLand_California,AgroForest_NonPasture_California,CropLand_California,biomass_grass_California,1
Mexico,root,AgroForestLand_CntAmer,AgroForest_NonPasture_CntAmer,CropLand_CntAmer,biomass_grass_CntAmer,1
Mexico,root,AgroForestLand_GrijUsuR,AgroForest_NonPasture_GrijUsuR,CropLand_GrijUsuR,biomass_grass_GrijUsuR,1
Mexico,root,AgroForestLand_MexBaja,AgroForest_NonPasture_MexBaja,CropLand_MexBaja,biomass_grass_MexBaja,1
Mexico,root,AgroForestLand_MexCstNW,AgroForest_NonPasture_MexCstNW,CropLand_MexCstNW,biomass_grass_MexCstNW,1
Mexico,root,AgroForestLand_MexCstW,AgroForest_NonPasture_MexCstW,CropLand_MexCstW,biomass_grass_MexCstW,1
Mexico,root,AgroForestLand_MexGulf,AgroForest_NonPasture_MexGulf,CropLand_MexGulf,biomass_grass_MexGulf,1
Mexico,root,AgroForestLand_MexInt,AgroForest_NonPasture_MexInt,CropLand_MexInt,biomass_grass_MexInt,1
Mexico,root,AgroForestLand_Papaloapan,AgroForest_NonPasture_Papaloapan,CropLand_Papaloapan,biomass_grass_Papaloapan,1
Mexico,root,AgroForestLand_RioBalsas,AgroForest_NonPasture_RioBalsas,CropLand_RioBalsas,biomass_grass_RioBalsas,1
Mexico,root,AgroForestLand_RioGrande,AgroForest_NonPasture_RioGrande,CropLand_RioGrande,biomass_grass_RioGrande,1
Mexico,root,AgroForestLand_RioLerma,AgroForest_NonPasture_RioLerma,CropLand_RioLerma,biomass_grass_RioLerma,1
Mexico,root,AgroForestLand_RioVerde,AgroForest_NonPasture_RioVerde,CropLand_RioVerde,biomass_grass_RioVerde,1
Mexico,root,AgroForestLand_Tehuantpc,AgroForest_NonPasture_Tehuantpc,CropLand_Tehuantpc,biomass_grass_Tehuantpc,1
Mexico,root,AgroForestLand_UsaColoRS,AgroForest_NonPasture_UsaColoRS,CropLand_UsaColoRS,biomass_grass_UsaColoRS,1
Mexico,root,AgroForestLand_YucatanP,AgroForest_NonPasture_YucatanP,CropLand_YucatanP,biomass_grass_YucatanP,1
Middle East,root,AgroForestLand_AfrCstNE,AgroForest_NonPasture_AfrCstNE,CropLand_AfrCstNE,biomass_grass_AfrCstNE,1
Middle East,root,AgroForestLand_ArabianP,AgroForest_NonPasture_ArabianP,CropLand_ArabianP,biomass_grass_ArabianP,1
Middle East,root,AgroForestLand_ArabianSea,AgroForest_NonPasture_ArabianSea,CropLand_ArabianSea,biomass_grass_ArabianSea,1
Middle East,root,AgroForestLand_CaspianE,AgroForest_NonPasture_CaspianE,CropLand_CaspianE,biomass_grass_CaspianE,1
Middle East,root,AgroForestLand_CaspianSW,AgroForest_NonPasture_CaspianSW,CropLand_CaspianSW,biomass_grass_CaspianSW,1
Middle East,root,AgroForestLand_DeadSea,AgroForest_NonPasture_DeadSea,CropLand_DeadSea,biomass_grass_DeadSea,1
Middle East,root,AgroForestLand_EJrdnSyr,AgroForest_NonPasture_EJrdnSyr,CropLand_EJrdnSyr,biomass_grass_EJrdnSyr,1
Middle East,root,AgroForestLand_FarahrudR,AgroForest_NonPasture_FarahrudR,CropLand_FarahrudR,biomass_grass_FarahrudR,1
Middle East,root,AgroForestLand_HamuMashR,AgroForest_NonPasture_HamuMashR,CropLand_HamuMashR,biomass_grass_HamuMashR,1
Middle East,root,AgroForestLand_Helmand,AgroForest_NonPasture_Helmand,CropLand_Helmand,biomass_grass_Helmand,1
Middle East,root,AgroForestLand_Iran,AgroForest_NonPasture_Iran,CropLand_Iran,biomass_grass_Iran,1
Middle East,root,AgroForestLand_MeditE,AgroForest_NonPasture_MeditE,CropLand_MeditE,biomass_grass_MeditE,1
Middle East,root,AgroForestLand_PersianGulf,AgroForest_NonPasture_PersianGulf,CropLand_PersianGulf,biomass_grass_PersianGulf,1
Middle East,root,AgroForestLand_RedSeaE,AgroForest_NonPasture_RedSeaE,CropLand_RedSeaE,biomass_grass_RedSeaE,1
Middle East,root,AgroForestLand_SinaiP,AgroForest_NonPasture_SinaiP,CropLand_SinaiP,biomass_grass_SinaiP,1
Middle East,root,AgroForestLand_TigrEuphR,AgroForest_NonPasture_TigrEuphR,CropLand_TigrEuphR,biomass_grass_TigrEuphR,1
Pakistan,root,AgroForestLand_AmuDaryaR,AgroForest_NonPasture_AmuDaryaR,CropLand_AmuDaryaR,biomass_grass_AmuDaryaR,1
Pakistan,root,AgroForestLand_ArabianSea,AgroForest_NonPasture_ArabianSea,CropLand_ArabianSea,biomass_grass_ArabianSea,1
Pakistan,root,AgroForestLand_HamuMashR,AgroForest_NonPasture_HamuMashR,CropLand_HamuMashR,biomass_grass_HamuMashR,1
Pakistan,root,AgroForestLand_Helmand,AgroForest_NonPasture_Helmand,CropLand_Helmand,biomass_grass_Helmand,1
Pakistan,root,AgroForestLand_IndusR,AgroForest_NonPasture_IndusR,CropLand_IndusR,biomass_grass_IndusR,1
Pakistan,root,AgroForestLand_SabarmatiR,AgroForest_NonPasture_SabarmatiR,CropLand_SabarmatiR,biomass_grass_SabarmatiR,1
Pakistan,root,AgroForestLand_Tarim,AgroForest_NonPasture_Tarim,CropLand_Tarim,biomass_grass_Tarim,1
Russia,root,AgroForestLand_AmurR,AgroForest_NonPasture_AmurR,CropLand_AmurR,biomass_grass_AmurR,1
Russia,root,AgroForestLand_BalticSea,AgroForest_NonPasture_BalticSea,CropLand_BalticSea,biomass_grass_BalticSea,1
Russia,root,AgroForestLand_BarentsSea,AgroForest_NonPasture_BarentsSea,CropLand_BarentsSea,biomass_grass_BarentsSea,1
Russia,root,AgroForestLand_BlackSeaN,AgroForest_NonPasture_BlackSeaN,CropLand_BlackSeaN,biomass_grass_BlackSeaN,1
Russia,root,AgroForestLand_BlackSeaS,AgroForest_NonPasture_BlackSeaS,CropLand_BlackSeaS,biomass_grass_BlackSeaS,1
Russia,root,AgroForestLand_CaspianNE,AgroForest_NonPasture_CaspianNE,CropLand_CaspianNE,biomass_grass_CaspianNE,1
Russia,root,AgroForestLand_CaspianSW,AgroForest_NonPasture_CaspianSW,CropLand_CaspianSW,biomass_grass_CaspianSW,1
Russia,root,AgroForestLand_DaugavaR,AgroForest_NonPasture_DaugavaR,CropLand_DaugavaR,biomass_grass_DaugavaR,1
Russia,root,AgroForestLand_DnieperR,AgroForest_NonPasture_DnieperR,CropLand_DnieperR,biomass_grass_DnieperR,1
Russia,root,AgroForestLand_DonR,AgroForest_NonPasture_DonR,CropLand_DonR,biomass_grass_DonR,1
Russia,root,AgroForestLand_DvinaRN,AgroForest_NonPasture_DvinaRN,CropLand_DvinaRN,biomass_grass_DvinaRN,1
Russia,root,AgroForestLand_Finland,AgroForest_NonPasture_Finland,CropLand_Finland,biomass_grass_Finland,1
Russia,root,AgroForestLand_Gobi,AgroForest_NonPasture_Gobi,CropLand_Gobi,biomass_grass_Gobi,1
Russia,root,AgroForestLand_LenaR,AgroForest_NonPasture_LenaR,CropLand_LenaR,biomass_grass_LenaR,1
Russia,root,AgroForestLand_NarvaR,AgroForest_NonPasture_NarvaR,CropLand_NarvaR,biomass_grass_NarvaR,1
Russia,root,AgroForestLand_NemanR,AgroForest_NonPasture_NemanR,CropLand_NemanR,biomass_grass_NemanR,1
Russia,root,AgroForestLand_NevaR,AgroForest_NonPasture_NevaR,CropLand_NevaR,biomass_grass_NevaR,1
Russia,root,AgroForestLand_ObR,AgroForest_NonPasture_ObR,CropLand_ObR,biomass_grass_ObR,1
Russia,root,AgroForestLand_PolandCst,AgroForest_NonPasture_PolandCst,CropLand_PolandCst,biomass_grass_PolandCst,1
Russia,root,AgroForestLand_RusCstSE,AgroForest_NonPasture_RusCstSE,CropLand_RusCstSE,biomass_grass_RusCstSE,1
Russia,root,AgroForestLand_ScndnvN,AgroForest_NonPasture_ScndnvN,CropLand_ScndnvN,biomass_grass_ScndnvN,1
Russia,root,AgroForestLand_SiberiaW,AgroForest_NonPasture_SiberiaW,CropLand_SiberiaW,biomass_grass_SiberiaW,1
Russia,root,AgroForestLand_SyrDaryaR,AgroForest_NonPasture_SyrDaryaR,CropLand_SyrDaryaR,biomass_grass_SyrDaryaR,1
Russia,root,AgroForestLand_UralR,AgroForest_NonPasture_UralR,CropLand_UralR,biomass_grass_UralR,1
Russia,root,AgroForestLand_VolgaR,AgroForest_NonPasture_VolgaR,CropLand_VolgaR,biomass_grass_VolgaR,1
Russia,root,AgroForestLand_YeniseiR,AgroForest_NonPasture_YeniseiR,CropLand_YeniseiR,biomass_grass_YeniseiR,1
South Africa,root,AgroForestLand_AfrCstS,AgroForest_NonPasture_AfrCstS,CropLand_AfrCstS,biomass_grass_AfrCstS,1
South Africa,root,AgroForestLand_AfrCstSSW,AgroForest_NonPasture_AfrCstSSW,CropLand_AfrCstSSW,biomass_grass_AfrCstSSW,1
South Africa,root,AgroForestLand_LimpopoR,AgroForest_NonPasture_LimpopoR,CropLand_LimpopoR,biomass_grass_LimpopoR,1
South Africa,root,AgroForestLand_OrangeR,AgroForest_NonPasture_OrangeR,CropLand_OrangeR,biomass_grass_OrangeR,1
South America_Northern,root,AgroForestLand_MagdalenaR,AgroForest_NonPasture_MagdalenaR,CropLand_MagdalenaR,biomass_grass_MagdalenaR,1
South America_Northern,root,AgroForestLand_OrinocoR,AgroForest_NonPasture_OrinocoR,CropLand_OrinocoR,biomass_grass_OrinocoR,1
South America_Northern,root,AgroForestLand_SAmerCstN,AgroForest_NonPasture_SAmerCstN,CropLand_SAmerCstN,biomass_grass_SAmerCstN,1
South America_Northern,root,AgroForestLand_SAmerCstNE,AgroForest_NonPasture_SAmerCstNE,CropLand_SAmerCstNE,biomass_grass_SAmerCstNE,1
South America_Southern,root,AgroForestLand_ArgColoR,AgroForest_NonPasture_ArgColoR,CropLand_ArgColoR,biomass_grass_ArgColoR,1
South America_Southern,root,AgroForestLand_ArgCstS,AgroForest_NonPasture_ArgCstS,CropLand_ArgCstS,biomass_grass_ArgCstS,1
South America_Southern,root,AgroForestLand_BrzCstS,AgroForest_NonPasture_BrzCstS,CropLand_BrzCstS,biomass_grass_BrzCstS,1
South America_Southern,root,AgroForestLand_ChileCstN,AgroForest_NonPasture_ChileCstN,CropLand_ChileCstN,biomass_grass_ChileCstN,1
South America_Southern,root,AgroForestLand_ChileCstS,AgroForest_NonPasture_ChileCstS,CropLand_ChileCstS,biomass_grass_ChileCstS,1
South America_Southern,root,AgroForestLand_ColEcuaCst,AgroForest_NonPasture_ColEcuaCst,CropLand_ColEcuaCst,biomass_grass_ColEcuaCst,1
South America_Southern,root,AgroForestLand_LaPuna,AgroForest_NonPasture_LaPuna,CropLand_LaPuna,biomass_grass_LaPuna,1
South America_Southern,root,AgroForestLand_NegroR,AgroForest_NonPasture_NegroR,CropLand_NegroR,biomass_grass_NegroR,1
South America_Southern,root,AgroForestLand_OrinocoR,AgroForest_NonPasture_OrinocoR,CropLand_OrinocoR,biomass_grass_OrinocoR,1
South America_Southern,root,AgroForestLand_PeruCst,AgroForest_NonPasture_PeruCst,CropLand_PeruCst,biomass_grass_PeruCst,1
South America_Southern,root,AgroForestLand_RioLaPlata,AgroForest_NonPasture_RioLaPlata,CropLand_RioLaPlata,biomass_grass_RioLaPlata,1
South Asia,root,AgroForestLand_AmuDaryaR,AgroForest_NonPasture_AmuDaryaR,CropLand_AmuDaryaR,biomass_grass_AmuDaryaR,1
South Asia,root,AgroForestLand_BengalBay,AgroForest_NonPasture_BengalBay,CropLand_BengalBay,biomass_grass_BengalBay,1
South Asia,root,AgroForestLand_CaspianE,AgroForest_NonPasture_CaspianE,CropLand_CaspianE,biomass_grass_CaspianE,1
South Asia,root,AgroForestLand_FarahrudR,AgroForest_NonPasture_FarahrudR,CropLand_FarahrudR,biomass_grass_FarahrudR,1
South Asia,root,AgroForestLand_GangesR,AgroForest_NonPasture_GangesR,CropLand_GangesR,biomass_grass_GangesR,1
South Asia,root,AgroForestLand_HamuMashR,AgroForest_NonPasture_HamuMashR,CropLand_HamuMashR,biomass_grass_HamuMashR,1
South Asia,root,AgroForestLand_Helmand,AgroForest_NonPasture_Helmand,CropLand_Helmand,biomass_grass_Helmand,1
South Asia,root,AgroForestLand_IndusR,AgroForest_NonPasture_IndusR,CropLand_IndusR,biomass_grass_IndusR,1
South Asia,root,AgroForestLand_SriLanka,AgroForest_NonPasture_SriLanka,CropLand_SriLanka,biomass_grass_SriLanka,1
South Korea,root,AgroForestLand_Korea,AgroForest_NonPasture_Korea,CropLand_Korea,biomass_grass_Korea,1
Southeast Asia,root,AgroForestLand_BengalBay,AgroForest_NonPasture_BengalBay,CropLand_BengalBay,biomass_grass_BengalBay,1
Southeast Asia,root,AgroForestLand_BoHai,AgroForest_NonPasture_BoHai,CropLand_BoHai,biomass_grass_BoHai,1
Southeast Asia,root,AgroForestLand_BorneoCstN,AgroForest_NonPasture_BorneoCstN,CropLand_BorneoCstN,biomass_grass_BorneoCstN,1
Southeast Asia,root,AgroForestLand_ChaoPhrR,AgroForest_NonPasture_ChaoPhrR,CropLand_ChaoPhrR,biomass_grass_ChaoPhrR,1
Southeast Asia,root,AgroForestLand_FlyR,AgroForest_NonPasture_FlyR,CropLand_FlyR,biomass_grass_FlyR,1
Southeast Asia,root,AgroForestLand_GangesR,AgroForest_NonPasture_GangesR,CropLand_GangesR,biomass_grass_GangesR,1
Southeast Asia,root,AgroForestLand_Hong,AgroForest_NonPasture_Hong,CropLand_Hong,biomass_grass_Hong,1
Southeast Asia,root,AgroForestLand_IdnE,AgroForest_NonPasture_IdnE,CropLand_IdnE,biomass_grass_IdnE,1
Southeast Asia,root,AgroForestLand_IrianJaya,AgroForest_NonPasture_IrianJaya,CropLand_IrianJaya,biomass_grass_IrianJaya,1
Southeast Asia,root,AgroForestLand_IrrawaddyR,AgroForest_NonPasture_IrrawaddyR,CropLand_IrrawaddyR,biomass_grass_IrrawaddyR,1
Southeast Asia,root,AgroForestLand_JavaTimor,AgroForest_NonPasture_JavaTimor,CropLand_JavaTimor,biomass_grass_JavaTimor,1
Southeast Asia,root,AgroForestLand_Kalimantan,AgroForest_NonPasture_Kalimantan,CropLand_Kalimantan,biomass_grass_Kalimantan,1
Southeast Asia,root,AgroForestLand_Korea,AgroForest_NonPasture_Korea,CropLand_Korea,biomass_grass_Korea,1
Southeast Asia,root,AgroForestLand_MalaysiaP,AgroForest_NonPasture_MalaysiaP,CropLand_MalaysiaP,biomass_grass_MalaysiaP,1
Southeast Asia,root,AgroForestLand_Mekong,AgroForest_NonPasture_Mekong,CropLand_Mekong,biomass_grass_Mekong,1
Southeast Asia,root,AgroForestLand_PapuaCst,AgroForest_NonPasture_PapuaCst,CropLand_PapuaCst,biomass_grass_PapuaCst,1
Southeast Asia,root,AgroForestLand_Phlppns,AgroForest_NonPasture_Phlppns,CropLand_Phlppns,biomass_grass_Phlppns,1
Southeast Asia,root,AgroForestLand_RusCstSE,AgroForest_NonPasture_RusCstSE,CropLand_RusCstSE,biomass_grass_RusCstSE,1
Southeast Asia,root,AgroForestLand_Salween,AgroForest_NonPasture_Salween,CropLand_Salween,biomass_grass_Salween,1
Southeast Asia,root,AgroForestLand_SChinaSea,AgroForest_NonPasture_SChinaSea,CropLand_SChinaSea,biomass_grass_SChinaSea,1
Southeast Asia,root,AgroForestLand_SepikR,AgroForest_NonPasture_SepikR,CropLand_SepikR,biomass_grass_SepikR,1
Southeast Asia,root,AgroForestLand_SittaungR,AgroForest_NonPasture_SittaungR,CropLand_SittaungR,biomass_grass_SittaungR,1
Southeast Asia,root,AgroForestLand_ThaiGulf,AgroForest_NonPasture_ThaiGulf,CropLand_ThaiGulf,biomass_grass_ThaiGulf,1
Southeast Asia,root,AgroForestLand_VietnamCst,AgroForest_NonPasture_VietnamCst,CropLand_VietnamCst,biomass_grass_VietnamCst,1
Southeast Asia,root,AgroForestLand_XunJiang,AgroForest_NonPasture_XunJiang,CropLand_XunJiang,biomass_grass_XunJiang,1
Argentina,root,AgroForestLand_ArgColoR,AgroForest_NonPasture_ArgColoR,CropLand_ArgColoR,biomass_grass_ArgColoR,1
Argentina,root,AgroForestLand_ArgCstN,AgroForest_NonPasture_ArgCstN,CropLand_ArgCstN,biomass_grass_ArgCstN,1
Argentina,root,AgroForestLand_ArgCstS,AgroForest_NonPasture_ArgCstS,CropLand_ArgCstS,biomass_grass_ArgCstS,1
Argentina,root,AgroForestLand_ChileCstN,AgroForest_NonPasture_ChileCstN,CropLand_ChileCstN,biomass_grass_ChileCstN,1
Argentina,root,AgroForestLand_ChileCstS,AgroForest_NonPasture_ChileCstS,CropLand_ChileCstS,biomass_grass_ChileCstS,1
Argentina,root,AgroForestLand_LaPuna,AgroForest_NonPasture_LaPuna,CropLand_LaPuna,biomass_grass_LaPuna,1
Argentina,root,AgroForestLand_MarChiq,AgroForest_NonPasture_MarChiq,CropLand_MarChiq,biomass_grass_MarChiq,1
Argentina,root,AgroForestLand_NegroR,AgroForest_NonPasture_NegroR,CropLand_NegroR,biomass_grass_NegroR,1
Argentina,root,AgroForestLand_Pampas,AgroForest_NonPasture_Pampas,CropLand_Pampas,biomass_grass_Pampas,1
Argentina,root,AgroForestLand_Patagonia,AgroForest_NonPasture_Patagonia,CropLand_Patagonia,biomass_grass_Patagonia,1
Argentina,root,AgroForestLand_RioLaPlata,AgroForest_NonPasture_RioLaPlata,CropLand_RioLaPlata,biomass_grass_RioLaPlata,1
Argentina,root,AgroForestLand_Salinas,AgroForest_NonPasture_Salinas,CropLand_Salinas,biomass_grass_Salinas,1
Colombia,root,AgroForestLand_ColEcuaCst,AgroForest_NonPasture_ColEcuaCst,CropLand_ColEcuaCst,biomass_grass_ColEcuaCst,1
Colombia,root,AgroForestLand_MagdalenaR,AgroForest_NonPasture_MagdalenaR,CropLand_MagdalenaR,biomass_grass_MagdalenaR,1
Colombia,root,AgroForestLand_OrinocoR,AgroForest_NonPasture_OrinocoR,CropLand_OrinocoR,biomass_grass_OrinocoR,1
Colombia,root,AgroForestLand_SAmerCstN,AgroForest_NonPasture_SAmerCstN,CropLand_SAmerCstN,biomass_grass_SAmerCstN,1
USA,root,AgroForestLand_ArkWhtRedR,AgroForest_NonPasture_ArkWhtRedR,AllForestLand_ArkWhtRedR,biomass_tree_ArkWhtRedR,1
USA,root,AgroForestLand_California,AgroForest_NonPasture_California,AllForestLand_California,biomass_tree_California,1
USA,root,AgroForestLand_Caribbean,AgroForest_NonPasture_Caribbean,AllForestLand_Caribbean,biomass_tree_Caribbean,1
USA,root,AgroForestLand_FraserR,AgroForest_NonPasture_FraserR,AllForestLand_FraserR,biomass_tree_FraserR,1
USA,root,AgroForestLand_GreatBasin,AgroForest_NonPasture_GreatBasin,AllForestLand_GreatBasin,biomass_tree_GreatBasin,1
USA,root,AgroForestLand_GreatLakes,AgroForest_NonPasture_GreatLakes,AllForestLand_GreatLakes,biomass_tree_GreatLakes,1
USA,root,AgroForestLand_MissouriR,AgroForest_NonPasture_MissouriR,AllForestLand_MissouriR,biomass_tree_MissouriR,1
USA,root,AgroForestLand_MissppRN,AgroForest_NonPasture_MissppRN,AllForestLand_MissppRN,biomass_tree_MissppRN,1
USA,root,AgroForestLand_MissppRS,AgroForest_NonPasture_MissppRS,AllForestLand_MissppRS,biomass_tree_MissppRS,1
USA,root,AgroForestLand_NelsonR,AgroForest_NonPasture_NelsonR,AllForestLand_NelsonR,biomass_tree_NelsonR,1
USA,root,AgroForestLand_OhioR,AgroForest_NonPasture_OhioR,AllForestLand_OhioR,biomass_tree_OhioR,1
USA,root,AgroForestLand_PacArctic,AgroForest_NonPasture_PacArctic,AllForestLand_PacArctic,biomass_tree_PacArctic,1
USA,root,AgroForestLand_RioGrande,AgroForest_NonPasture_RioGrande,AllForestLand_RioGrande,biomass_tree_RioGrande,1
USA,root,AgroForestLand_TennR,AgroForest_NonPasture_TennR,AllForestLand_TennR,biomass_tree_TennR,1
USA,root,AgroForestLand_TexasCst,AgroForest_NonPasture_TexasCst,AllForestLand_TexasCst,biomass_tree_TexasCst,1
USA,root,AgroForestLand_UsaColoRN,AgroForest_NonPasture_UsaColoRN,AllForestLand_UsaColoRN,biomass_tree_UsaColoRN,1
USA,root,AgroForestLand_UsaColoRS,AgroForest_NonPasture_UsaColoRS,AllForestLand_UsaColoRS,biomass_tree_UsaColoRS,1
USA,root,AgroForestLand_UsaCstE,AgroForest_NonPasture_UsaCstE,AllForestLand_UsaCstE,biomass_tree_UsaCstE,1
USA,root,AgroForestLand_UsaCstNE,AgroForest_NonPasture_UsaCstNE,AllForestLand_UsaCstNE,biomass_tree_UsaCstNE,1
USA,root,AgroForestLand_UsaCstSE,AgroForest_NonPasture_UsaCstSE,AllForestLand_UsaCstSE,biomass_tree_UsaCstSE,1
USA,root,AgroForestLand_UsaPacNW,AgroForest_NonPasture_UsaPacNW,AllForestLand_UsaPacNW,biomass_tree_UsaPacNW,1
Africa_Eastern,root,AgroForestLand_AfrCstE,AgroForest_NonPasture_AfrCstE,AllForestLand_AfrCstE,biomass_tree_AfrCstE,1
Africa_Eastern,root,AgroForestLand_AfrCstNE,AgroForest_NonPasture_AfrCstNE,AllForestLand_AfrCstNE,biomass_tree_AfrCstNE,1
Africa_Eastern,root,AgroForestLand_CongoR,AgroForest_NonPasture_CongoR,AllForestLand_CongoR,biomass_tree_CongoR,1
Africa_Eastern,root,AgroForestLand_Madasgacar,AgroForest_NonPasture_Madasgacar,AllForestLand_Madasgacar,biomass_tree_Madasgacar,1
Africa_Eastern,root,AgroForestLand_NileR,AgroForest_NonPasture_NileR,AllForestLand_NileR,biomass_tree_NileR,1
Africa_Eastern,root,AgroForestLand_RiftValley,AgroForest_NonPasture_RiftValley,AllForestLand_RiftValley,biomass_tree_RiftValley,1
Africa_Eastern,root,AgroForestLand_ShebJubR,AgroForest_NonPasture_ShebJubR,AllForestLand_ShebJubR,biomass_tree_ShebJubR,1
Africa_Northern,root,AgroForestLand_AfrCstNW,AgroForest_NonPasture_AfrCstNW,AllForestLand_AfrCstNW,biomass_tree_AfrCstNW,1
Africa_Northern,root,AgroForestLand_AfrIntN,AgroForest_NonPasture_AfrIntN,AllForestLand_AfrIntN,biomass_tree_AfrIntN,1
Africa_Northern,root,AgroForestLand_MeditS,AgroForest_NonPasture_MeditS,AllForestLand_MeditS,biomass_tree_MeditS,1
Africa_Northern,root,AgroForestLand_NileR,AgroForest_NonPasture_NileR,AllForestLand_NileR,biomass_tree_NileR,1
Africa_Southern,root,AgroForestLand_AfrCstE,AgroForest_NonPasture_AfrCstE,AllForestLand_AfrCstE,biomass_tree_AfrCstE,1
Africa_Southern,root,AgroForestLand_AfrCstS,AgroForest_NonPasture_AfrCstS,AllForestLand_AfrCstS,biomass_tree_AfrCstS,1
Africa_Southern,root,AgroForestLand_AfrCstSE,AgroForest_NonPasture_AfrCstSE,AllForestLand_AfrCstSE,biomass_tree_AfrCstSE,1
Africa_Southern,root,AgroForestLand_AfrIntS,AgroForest_NonPasture_AfrIntS,AllForestLand_AfrIntS,biomass_tree_AfrIntS,1
Africa_Southern,root,AgroForestLand_AngolaCst,AgroForest_NonPasture_AngolaCst,AllForestLand_AngolaCst,biomass_tree_AngolaCst,1
Africa_Southern,root,AgroForestLand_CongoR,AgroForest_NonPasture_CongoR,AllForestLand_CongoR,biomass_tree_CongoR,1
Africa_Southern,root,AgroForestLand_GuineaGulf,AgroForest_NonPasture_GuineaGulf,AllForestLand_GuineaGulf,biomass_tree_GuineaGulf,1
Africa_Southern,root,AgroForestLand_LimpopoR,AgroForest_NonPasture_LimpopoR,AllForestLand_LimpopoR,biomass_tree_LimpopoR,1
Africa_Southern,root,AgroForestLand_NileR,AgroForest_NonPasture_NileR,AllForestLand_NileR,biomass_tree_NileR,1
Africa_Southern,root,AgroForestLand_RiftValley,AgroForest_NonPasture_RiftValley,AllForestLand_RiftValley,biomass_tree_RiftValley,1
Africa_Southern,root,AgroForestLand_ZambeziR,AgroForest_NonPasture_ZambeziR,AllForestLand_ZambeziR,biomass_tree_ZambeziR,1
Africa_Western,root,AgroForestLand_AfrCstW,AgroForest_NonPasture_AfrCstW,AllForestLand_AfrCstW,biomass_tree_AfrCstW,1
Africa_Western,root,AgroForestLand_CongoR,AgroForest_NonPasture_CongoR,AllForestLand_CongoR,biomass_tree_CongoR,1
Africa_Western,root,AgroForestLand_GuineaGulf,AgroForest_NonPasture_GuineaGulf,AllForestLand_GuineaGulf,biomass_tree_GuineaGulf,1
Africa_Western,root,AgroForestLand_LChad,AgroForest_NonPasture_LChad,AllForestLand_LChad,biomass_tree_LChad,1
Africa_Western,root,AgroForestLand_NigerR,AgroForest_NonPasture_NigerR,AllForestLand_NigerR,biomass_tree_NigerR,1
Africa_Western,root,AgroForestLand_NileR,AgroForest_NonPasture_NileR,AllForestLand_NileR,biomass_tree_NileR,1
Africa_Western,root,AgroForestLand_SenegalR,AgroForest_NonPasture_SenegalR,AllForestLand_SenegalR,biomass_tree_SenegalR,1
Africa_Western,root,AgroForestLand_VoltaR,AgroForest_NonPasture_VoltaR,AllForestLand_VoltaR,biomass_tree_VoltaR,1
Africa_Western,root,AgroForestLand_ZambeziR,AgroForest_NonPasture_ZambeziR,AllForestLand_ZambeziR,biomass_tree_ZambeziR,1
Australia_NZ,root,AgroForestLand_AusCstE,AgroForest_NonPasture_AusCstE,AllForestLand_AusCstE,biomass_tree_AusCstE,1
Australia_NZ,root,AgroForestLand_AusCstN,AgroForest_NonPasture_AusCstN,AllForestLand_AusCstN,biomass_tree_AusCstN,1
Australia_NZ,root,AgroForestLand_AusCstS,AgroForest_NonPasture_AusCstS,AllForestLand_AusCstS,biomass_tree_AusCstS,1
Australia_NZ,root,AgroForestLand_AusCstW,AgroForest_NonPasture_AusCstW,AllForestLand_AusCstW,biomass_tree_AusCstW,1
Australia_NZ,root,AgroForestLand_AusInt,AgroForest_NonPasture_AusInt,AllForestLand_AusInt,biomass_tree_AusInt,1
Australia_NZ,root,AgroForestLand_MurrayDrlg,AgroForest_NonPasture_MurrayDrlg,AllForestLand_MurrayDrlg,biomass_tree_MurrayDrlg,1
Australia_NZ,root,AgroForestLand_NewZealand,AgroForest_NonPasture_NewZealand,AllForestLand_NewZealand,biomass_tree_NewZealand,1
Australia_NZ,root,AgroForestLand_Tasmania,AgroForest_NonPasture_Tasmania,AllForestLand_Tasmania,biomass_tree_Tasmania,1
Brazil,root,AgroForestLand_AmazonR,AgroForest_NonPasture_AmazonR,AllForestLand_AmazonR,biomass_tree_AmazonR,1
Brazil,root,AgroForestLand_BrzCstE,AgroForest_NonPasture_BrzCstE,AllForestLand_BrzCstE,biomass_tree_BrzCstE,1
Brazil,root,AgroForestLand_BrzCstN,AgroForest_NonPasture_BrzCstN,AllForestLand_BrzCstN,biomass_tree_BrzCstN,1
Brazil,root,AgroForestLand_BrzCstS,AgroForest_NonPasture_BrzCstS,AllForestLand_BrzCstS,biomass_tree_BrzCstS,1
Brazil,root,AgroForestLand_OrinocoR,AgroForest_NonPasture_OrinocoR,AllForestLand_OrinocoR,biomass_tree_OrinocoR,1
Brazil,root,AgroForestLand_ParnaibaR,AgroForest_NonPasture_ParnaibaR,AllForestLand_ParnaibaR,biomass_tree_ParnaibaR,1
Brazil,root,AgroForestLand_RioLaPlata,AgroForest_NonPasture_RioLaPlata,AllForestLand_RioLaPlata,biomass_tree_RioLaPlata,1
Brazil,root,AgroForestLand_SAmerCstNE,AgroForest_NonPasture_SAmerCstNE,AllForestLand_SAmerCstNE,biomass_tree_SAmerCstNE,1
Brazil,root,AgroForestLand_SaoFrancR,AgroForest_NonPasture_SaoFrancR,AllForestLand_SaoFrancR,biomass_tree_SaoFrancR,1
Brazil,root,AgroForestLand_TocantinsR,AgroForest_NonPasture_TocantinsR,AllForestLand_TocantinsR,biomass_tree_TocantinsR,1
Canada,root,AgroForestLand_CanAtl,AgroForest_NonPasture_CanAtl,AllForestLand_CanAtl,biomass_tree_CanAtl,1
Canada,root,AgroForestLand_ChurchillR,AgroForest_NonPasture_ChurchillR,AllForestLand_ChurchillR,biomass_tree_ChurchillR,1
Canada,root,AgroForestLand_FraserR,AgroForest_NonPasture_FraserR,AllForestLand_FraserR,biomass_tree_FraserR,1
Canada,root,AgroForestLand_GreatLakes,AgroForest_NonPasture_GreatLakes,AllForestLand_GreatLakes,biomass_tree_GreatLakes,1
Canada,root,AgroForestLand_HudsonBay,AgroForest_NonPasture_HudsonBay,AllForestLand_HudsonBay,biomass_tree_HudsonBay,1
Canada,root,AgroForestLand_Mackenzie,AgroForest_NonPasture_Mackenzie,AllForestLand_Mackenzie,biomass_tree_Mackenzie,1
Canada,root,AgroForestLand_MissouriR,AgroForest_NonPasture_MissouriR,AllForestLand_MissouriR,biomass_tree_MissouriR,1
Canada,root,AgroForestLand_NelsonR,AgroForest_NonPasture_NelsonR,AllForestLand_NelsonR,biomass_tree_NelsonR,1
Canada,root,AgroForestLand_NWTerr,AgroForest_NonPasture_NWTerr,AllForestLand_NWTerr,biomass_tree_NWTerr,1
Canada,root,AgroForestLand_PacArctic,AgroForest_NonPasture_PacArctic,AllForestLand_PacArctic,biomass_tree_PacArctic,1
Canada,root,AgroForestLand_StLwrncR,AgroForest_NonPasture_StLwrncR,AllForestLand_StLwrncR,biomass_tree_StLwrncR,1
Canada,root,AgroForestLand_UsaCstNE,AgroForest_NonPasture_UsaCstNE,AllForestLand_UsaCstNE,biomass_tree_UsaCstNE,1
Canada,root,AgroForestLand_UsaPacNW,AgroForest_NonPasture_UsaPacNW,AllForestLand_UsaPacNW,biomass_tree_UsaPacNW,1
Central America and Caribbean,root,AgroForestLand_Caribbean,AgroForest_NonPasture_Caribbean,AllForestLand_Caribbean,biomass_tree_Caribbean,1
Central America and Caribbean,root,AgroForestLand_CntAmer,AgroForest_NonPasture_CntAmer,AllForestLand_CntAmer,biomass_tree_CntAmer,1
Central America and Caribbean,root,AgroForestLand_ColEcuaCst,AgroForest_NonPasture_ColEcuaCst,AllForestLand_ColEcuaCst,biomass_tree_ColEcuaCst,1
Central America and Caribbean,root,AgroForestLand_GrijUsuR,AgroForest_NonPasture_GrijUsuR,AllForestLand_GrijUsuR,biomass_tree_GrijUsuR,1
Central America and Caribbean,root,AgroForestLand_SAmerCstN,AgroForest_NonPasture_SAmerCstN,AllForestLand_SAmerCstN,biomass_tree_SAmerCstN,1
Central America and Caribbean,root,AgroForestLand_YucatanP,AgroForest_NonPasture_YucatanP,AllForestLand_YucatanP,biomass_tree_YucatanP,1
Central Asia,root,AgroForestLand_AmuDaryaR,AgroForest_NonPasture_AmuDaryaR,AllForestLand_AmuDaryaR,biomass_tree_AmuDaryaR,1
Central Asia,root,AgroForestLand_AmurR,AgroForest_NonPasture_AmurR,AllForestLand_AmurR,biomass_tree_AmurR,1
Central Asia,root,AgroForestLand_BlackSeaN,AgroForest_NonPasture_BlackSeaN,AllForestLand_BlackSeaN,biomass_tree_BlackSeaN,1
Central Asia,root,AgroForestLand_BlackSeaS,AgroForest_NonPasture_BlackSeaS,AllForestLand_BlackSeaS,biomass_tree_BlackSeaS,1
Central Asia,root,AgroForestLand_CaspianNE,AgroForest_NonPasture_CaspianNE,AllForestLand_CaspianNE,biomass_tree_CaspianNE,1
Central Asia,root,AgroForestLand_CaspianSW,AgroForest_NonPasture_CaspianSW,AllForestLand_CaspianSW,biomass_tree_CaspianSW,1
Central Asia,root,AgroForestLand_Gobi,AgroForest_NonPasture_Gobi,AllForestLand_Gobi,biomass_tree_Gobi,1
Central Asia,root,AgroForestLand_LBalkash,AgroForest_NonPasture_LBalkash,AllForestLand_LBalkash,biomass_tree_LBalkash,1
Central Asia,root,AgroForestLand_ObR,AgroForest_NonPasture_ObR,AllForestLand_ObR,biomass_tree_ObR,1
Central Asia,root,AgroForestLand_SyrDaryaR,AgroForest_NonPasture_SyrDaryaR,AllForestLand_SyrDaryaR,biomass_tree_SyrDaryaR,1
Central Asia,root,AgroForestLand_Tarim,AgroForest_NonPasture_Tarim,AllForestLand_Tarim,biomass_tree_Tarim,1
Central Asia,root,AgroForestLand_UralR,AgroForest_NonPasture_UralR,AllForestLand_UralR,biomass_tree_UralR,1
Central Asia,root,AgroForestLand_VolgaR,AgroForest_NonPasture_VolgaR,AllForestLand_VolgaR,biomass_tree_VolgaR,1
Central Asia,root,AgroForestLand_YeniseiR,AgroForest_NonPasture_YeniseiR,AllForestLand_YeniseiR,biomass_tree_YeniseiR,1
China,root,AgroForestLand_AmurR,AgroForest_NonPasture_AmurR,AllForestLand_AmurR,biomass_tree_AmurR,1
China,root,AgroForestLand_BoHai,AgroForest_NonPasture_BoHai,AllForestLand_BoHai,biomass_tree_BoHai,1
China,root,AgroForestLand_ChinaCst,AgroForest_NonPasture_ChinaCst,AllForestLand_ChinaCst,biomass_tree_ChinaCst,1
China,root,AgroForestLand_GangesR,AgroForest_NonPasture_GangesR,AllForestLand_GangesR,biomass_tree_GangesR,1
China,root,AgroForestLand_Gobi,AgroForest_NonPasture_Gobi,AllForestLand_Gobi,biomass_tree_Gobi,1
China,root,AgroForestLand_Hainan,AgroForest_NonPasture_Hainan,AllForestLand_Hainan,biomass_tree_Hainan,1
China,root,AgroForestLand_Hong,AgroForest_NonPasture_Hong,AllForestLand_Hong,biomass_tree_Hong,1
China,root,AgroForestLand_HuangHeR,AgroForest_NonPasture_HuangHeR,AllForestLand_HuangHeR,biomass_tree_HuangHeR,1
China,root,AgroForestLand_IrrawaddyR,AgroForest_NonPasture_IrrawaddyR,AllForestLand_IrrawaddyR,biomass_tree_IrrawaddyR,1
China,root,AgroForestLand_LBalkash,AgroForest_NonPasture_LBalkash,AllForestLand_LBalkash,biomass_tree_LBalkash,1
China,root,AgroForestLand_Mekong,AgroForest_NonPasture_Mekong,AllForestLand_Mekong,biomass_tree_Mekong,1
China,root,AgroForestLand_ObR,AgroForest_NonPasture_ObR,AllForestLand_ObR,biomass_tree_ObR,1
China,root,AgroForestLand_RusCstSE,AgroForest_NonPasture_RusCstSE,AllForestLand_RusCstSE,biomass_tree_RusCstSE,1
China,root,AgroForestLand_Salween,AgroForest_NonPasture_Salween,AllForestLand_Salween,biomass_tree_Salween,1
China,root,AgroForestLand_SChinaSea,AgroForest_NonPasture_SChinaSea,AllForestLand_SChinaSea,biomass_tree_SChinaSea,1
China,root,AgroForestLand_Taiwan,AgroForest_NonPasture_Taiwan,AllForestLand_Taiwan,biomass_tree_Taiwan,1
China,root,AgroForestLand_Tarim,AgroForest_NonPasture_Tarim,AllForestLand_Tarim,biomass_tree_Tarim,1
China,root,AgroForestLand_XunJiang,AgroForest_NonPasture_XunJiang,AllForestLand_XunJiang,biomass_tree_XunJiang,1
China,root,AgroForestLand_Yangtze,AgroForest_NonPasture_Yangtze,AllForestLand_Yangtze,biomass_tree_Yangtze,1
China,root,AgroForestLand_ZiyaHe,AgroForest_NonPasture_ZiyaHe,AllForestLand_ZiyaHe,biomass_tree_ZiyaHe,1
EU-12,root,AgroForestLand_AdrBlkSea,AgroForest_NonPasture_AdrBlkSea,AllForestLand_AdrBlkSea,biomass_tree_AdrBlkSea,1
EU-12,root,AgroForestLand_BalticSea,AgroForest_NonPasture_BalticSea,AllForestLand_BalticSea,biomass_tree_BalticSea,1
EU-12,root,AgroForestLand_DanubeR,AgroForest_NonPasture_DanubeR,AllForestLand_DanubeR,biomass_tree_DanubeR,1
EU-12,root,AgroForestLand_DaugavaR,AgroForest_NonPasture_DaugavaR,AllForestLand_DaugavaR,biomass_tree_DaugavaR,1
EU-12,root,AgroForestLand_DniesterR,AgroForest_NonPasture_DniesterR,AllForestLand_DniesterR,biomass_tree_DniesterR,1
EU-12,root,AgroForestLand_DnkGrmCst,AgroForest_NonPasture_DnkGrmCst,AllForestLand_DnkGrmCst,biomass_tree_DnkGrmCst,1
EU-12,root,AgroForestLand_ElbeR,AgroForest_NonPasture_ElbeR,AllForestLand_ElbeR,biomass_tree_ElbeR,1
EU-12,root,AgroForestLand_MeditE,AgroForest_NonPasture_MeditE,AllForestLand_MeditE,biomass_tree_MeditE,1
EU-12,root,AgroForestLand_NarvaR,AgroForest_NonPasture_NarvaR,AllForestLand_NarvaR,biomass_tree_NarvaR,1
EU-12,root,AgroForestLand_NemanR,AgroForest_NonPasture_NemanR,AllForestLand_NemanR,biomass_tree_NemanR,1
EU-12,root,AgroForestLand_OderR,AgroForest_NonPasture_OderR,AllForestLand_OderR,biomass_tree_OderR,1
EU-12,root,AgroForestLand_PolandCst,AgroForest_NonPasture_PolandCst,AllForestLand_PolandCst,biomass_tree_PolandCst,1
EU-12,root,AgroForestLand_WislaR,AgroForest_NonPasture_WislaR,AllForestLand_WislaR,biomass_tree_WislaR,1
EU-15,root,AgroForestLand_AdrBlkSea,AgroForest_NonPasture_AdrBlkSea,AllForestLand_AdrBlkSea,biomass_tree_AdrBlkSea,1
EU-15,root,AgroForestLand_DanubeR,AgroForest_NonPasture_DanubeR,AllForestLand_DanubeR,biomass_tree_DanubeR,1
EU-15,root,AgroForestLand_DnkGrmCst,AgroForest_NonPasture_DnkGrmCst,AllForestLand_DnkGrmCst,biomass_tree_DnkGrmCst,1
EU-15,root,AgroForestLand_DouroR,AgroForest_NonPasture_DouroR,AllForestLand_DouroR,biomass_tree_DouroR,1
EU-15,root,AgroForestLand_EbroR,AgroForest_NonPasture_EbroR,AllForestLand_EbroR,biomass_tree_EbroR,1
EU-15,root,AgroForestLand_ElbeR,AgroForest_NonPasture_ElbeR,AllForestLand_ElbeR,biomass_tree_ElbeR,1
EU-15,root,AgroForestLand_EmsWeserR,AgroForest_NonPasture_EmsWeserR,AllForestLand_EmsWeserR,biomass_tree_EmsWeserR,1
EU-15,root,AgroForestLand_EngWales,AgroForest_NonPasture_EngWales,AllForestLand_EngWales,biomass_tree_EngWales,1
EU-15,root,AgroForestLand_Finland,AgroForest_NonPasture_Finland,AllForestLand_Finland,biomass_tree_Finland,1
EU-15,root,AgroForestLand_FranceCstS,AgroForest_NonPasture_FranceCstS,AllForestLand_FranceCstS,biomass_tree_FranceCstS,1
EU-15,root,AgroForestLand_FranceCstW,AgroForest_NonPasture_FranceCstW,AllForestLand_FranceCstW,biomass_tree_FranceCstW,1
EU-15,root,AgroForestLand_Gironde,AgroForest_NonPasture_Gironde,AllForestLand_Gironde,biomass_tree_Gironde,1
EU-15,root,AgroForestLand_GuadalqR,AgroForest_NonPasture_GuadalqR,AllForestLand_GuadalqR,biomass_tree_GuadalqR,1
EU-15,root,AgroForestLand_GuadianaR,AgroForest_NonPasture_GuadianaR,AllForestLand_GuadianaR,biomass_tree_GuadianaR,1
EU-15,root,AgroForestLand_IberiaCst,AgroForest_NonPasture_IberiaCst,AllForestLand_IberiaCst,biomass_tree_IberiaCst,1
EU-15,root,AgroForestLand_Ireland,AgroForest_NonPasture_Ireland,AllForestLand_Ireland,biomass_tree_Ireland,1
EU-15,root,AgroForestLand_ItalyCstE,AgroForest_NonPasture_ItalyCstE,AllForestLand_ItalyCstE,biomass_tree_ItalyCstE,1
EU-15,root,AgroForestLand_ItalyCstW,AgroForest_NonPasture_ItalyCstW,AllForestLand_ItalyCstW,biomass_tree_ItalyCstW,1
EU-15,root,AgroForestLand_LoireR,AgroForest_NonPasture_LoireR,AllForestLand_LoireR,biomass_tree_LoireR,1
EU-15,root,AgroForestLand_MeditIsl,AgroForest_NonPasture_MeditIsl,AllForestLand_MeditIsl,biomass_tree_MeditIsl,1
EU-15,root,AgroForestLand_NevaR,AgroForest_NonPasture_NevaR,AllForestLand_NevaR,biomass_tree_NevaR,1
EU-15,root,AgroForestLand_OderR,AgroForest_NonPasture_OderR,AllForestLand_OderR,biomass_tree_OderR,1
EU-15,root,AgroForestLand_PoR,AgroForest_NonPasture_PoR,AllForestLand_PoR,biomass_tree_PoR,1
EU-15,root,AgroForestLand_RhineR,AgroForest_NonPasture_RhineR,AllForestLand_RhineR,biomass_tree_RhineR,1
EU-15,root,AgroForestLand_RhoneR,AgroForest_NonPasture_RhoneR,AllForestLand_RhoneR,biomass_tree_RhoneR,1
EU-15,root,AgroForestLand_ScheldtR,AgroForest_NonPasture_ScheldtR,AllForestLand_ScheldtR,biomass_tree_ScheldtR,1
EU-15,root,AgroForestLand_ScndnvN,AgroForest_NonPasture_ScndnvN,AllForestLand_ScndnvN,biomass_tree_ScndnvN,1
EU-15,root,AgroForestLand_Scotland,AgroForest_NonPasture_Scotland,AllForestLand_Scotland,biomass_tree_Scotland,1
EU-15,root,AgroForestLand_SeineR,AgroForest_NonPasture_SeineR,AllForestLand_SeineR,biomass_tree_SeineR,1
EU-15,root,AgroForestLand_SpainCstSE,AgroForest_NonPasture_SpainCstSE,AllForestLand_SpainCstSE,biomass_tree_SpainCstSE,1
EU-15,root,AgroForestLand_Sweden,AgroForest_NonPasture_Sweden,AllForestLand_Sweden,biomass_tree_Sweden,1
EU-15,root,AgroForestLand_TagusR,AgroForest_NonPasture_TagusR,AllForestLand_TagusR,biomass_tree_TagusR,1
EU-15,root,AgroForestLand_TiberR,AgroForest_NonPasture_TiberR,AllForestLand_TiberR,biomass_tree_TiberR,1
Europe_Eastern,root,AgroForestLand_BlackSeaN,AgroForest_NonPasture_BlackSeaN,AllForestLand_BlackSeaN,biomass_tree_BlackSeaN,1
Europe_Eastern,root,AgroForestLand_DanubeR,AgroForest_NonPasture_DanubeR,AllForestLand_DanubeR,biomass_tree_DanubeR,1
Europe_Eastern,root,AgroForestLand_DaugavaR,AgroForest_NonPasture_DaugavaR,AllForestLand_DaugavaR,biomass_tree_DaugavaR,1
Europe_Eastern,root,AgroForestLand_DnieperR,AgroForest_NonPasture_DnieperR,AllForestLand_DnieperR,biomass_tree_DnieperR,1
Europe_Eastern,root,AgroForestLand_DniesterR,AgroForest_NonPasture_DniesterR,AllForestLand_DniesterR,biomass_tree_DniesterR,1
Europe_Eastern,root,AgroForestLand_DonR,AgroForest_NonPasture_DonR,AllForestLand_DonR,biomass_tree_DonR,1
Europe_Eastern,root,AgroForestLand_NemanR,AgroForest_NonPasture_NemanR,AllForestLand_NemanR,biomass_tree_NemanR,1
Europe_Eastern,root,AgroForestLand_NevaR,AgroForest_NonPasture_NevaR,AllForestLand_NevaR,biomass_tree_NevaR,1
Europe_Eastern,root,AgroForestLand_WislaR,AgroForest_NonPasture_WislaR,AllForestLand_WislaR,biomass_tree_WislaR,1
Europe_Non_EU,root,AgroForestLand_AdrBlkSea,AgroForest_NonPasture_AdrBlkSea,AllForestLand_AdrBlkSea,biomass_tree_AdrBlkSea,1
Europe_Non_EU,root,AgroForestLand_BlackSeaS,AgroForest_NonPasture_BlackSeaS,AllForestLand_BlackSeaS,biomass_tree_BlackSeaS,1
Europe_Non_EU,root,AgroForestLand_CaspianSW,AgroForest_NonPasture_CaspianSW,AllForestLand_CaspianSW,biomass_tree_CaspianSW,1
Europe_Non_EU,root,AgroForestLand_DanubeR,AgroForest_NonPasture_DanubeR,AllForestLand_DanubeR,biomass_tree_DanubeR,1
Europe_Non_EU,root,AgroForestLand_MeditE,AgroForest_NonPasture_MeditE,AllForestLand_MeditE,biomass_tree_MeditE,1
Europe_Non_EU,root,AgroForestLand_TigrEuphR,AgroForest_NonPasture_TigrEuphR,AllForestLand_TigrEuphR,biomass_tree_TigrEuphR,1
European Free Trade Association,root,AgroForestLand_DanubeR,AgroForest_NonPasture_DanubeR,AllForestLand_DanubeR,biomass_tree_DanubeR,1
European Free Trade Association,root,AgroForestLand_Iceland,AgroForest_NonPasture_Iceland,AllForestLand_Iceland,biomass_tree_Iceland,1
European Free Trade Association,root,AgroForestLand_PoR,AgroForest_NonPasture_PoR,AllForestLand_PoR,biomass_tree_PoR,1
European Free Trade Association,root,AgroForestLand_RhineR,AgroForest_NonPasture_RhineR,AllForestLand_RhineR,biomass_tree_RhineR,1
European Free Trade Association,root,AgroForestLand_RhoneR,AgroForest_NonPasture_RhoneR,AllForestLand_RhoneR,biomass_tree_RhoneR,1
European Free Trade Association,root,AgroForestLand_ScndnvN,AgroForest_NonPasture_ScndnvN,AllForestLand_ScndnvN,biomass_tree_ScndnvN,1
European Free Trade Association,root,AgroForestLand_Sweden,AgroForest_NonPasture_Sweden,AllForestLand_Sweden,biomass_tree_Sweden,1
India,root,AgroForestLand_BengalBay,AgroForest_NonPasture_BengalBay,AllForestLand_BengalBay,biomass_tree_BengalBay,1
India,root,AgroForestLand_BengalW,AgroForest_NonPasture_BengalW,AllForestLand_BengalW,biomass_tree_BengalW,1
India,root,AgroForestLand_BrahmaniR,AgroForest_NonPasture_BrahmaniR,AllForestLand_BrahmaniR,biomass_tree_BrahmaniR,1
India,root,AgroForestLand_CauveryR,AgroForest_NonPasture_CauveryR,AllForestLand_CauveryR,biomass_tree_CauveryR,1
India,root,AgroForestLand_GangesR,AgroForest_NonPasture_GangesR,AllForestLand_GangesR,biomass_tree_GangesR,1
India,root,AgroForestLand_GodavariR,AgroForest_NonPasture_GodavariR,AllForestLand_GodavariR,biomass_tree_GodavariR,1
India,root,AgroForestLand_IndCstE,AgroForest_NonPasture_IndCstE,AllForestLand_IndCstE,biomass_tree_IndCstE,1
India,root,AgroForestLand_IndCstNE,AgroForest_NonPasture_IndCstNE,AllForestLand_IndCstNE,biomass_tree_IndCstNE,1
India,root,AgroForestLand_IndCstS,AgroForest_NonPasture_IndCstS,AllForestLand_IndCstS,biomass_tree_IndCstS,1
India,root,AgroForestLand_IndCstW,AgroForest_NonPasture_IndCstW,AllForestLand_IndCstW,biomass_tree_IndCstW,1
India,root,AgroForestLand_IndusR,AgroForest_NonPasture_IndusR,AllForestLand_IndusR,biomass_tree_IndusR,1
India,root,AgroForestLand_IrrawaddyR,AgroForest_NonPasture_IrrawaddyR,AllForestLand_IrrawaddyR,biomass_tree_IrrawaddyR,1
India,root,AgroForestLand_KrishnaR,AgroForest_NonPasture_KrishnaR,AllForestLand_KrishnaR,biomass_tree_KrishnaR,1
India,root,AgroForestLand_MahanadiR,AgroForest_NonPasture_MahanadiR,AllForestLand_MahanadiR,biomass_tree_MahanadiR,1
India,root,AgroForestLand_MahiR,AgroForest_NonPasture_MahiR,AllForestLand_MahiR,biomass_tree_MahiR,1
India,root,AgroForestLand_NarmadaR,AgroForest_NonPasture_NarmadaR,AllForestLand_NarmadaR,biomass_tree_NarmadaR,1
India,root,AgroForestLand_PennarR,AgroForest_NonPasture_PennarR,AllForestLand_PennarR,biomass_tree_PennarR,1
India,root,AgroForestLand_SabarmatiR,AgroForest_NonPasture_SabarmatiR,AllForestLand_SabarmatiR,biomass_tree_SabarmatiR,1
India,root,AgroForestLand_TaptiR,AgroForest_NonPasture_TaptiR,AllForestLand_TaptiR,biomass_tree_TaptiR,1
Indonesia,root,AgroForestLand_BorneoCstN,AgroForest_NonPasture_BorneoCstN,AllForestLand_BorneoCstN,biomass_tree_BorneoCstN,1
Indonesia,root,AgroForestLand_FlyR,AgroForest_NonPasture_FlyR,AllForestLand_FlyR,biomass_tree_FlyR,1
Indonesia,root,AgroForestLand_IdnE,AgroForest_NonPasture_IdnE,AllForestLand_IdnE,biomass_tree_IdnE,1
Indonesia,root,AgroForestLand_IrianJaya,AgroForest_NonPasture_IrianJaya,AllForestLand_IrianJaya,biomass_tree_IrianJaya,1
Indonesia,root,AgroForestLand_JavaTimor,AgroForest_NonPasture_JavaTimor,AllForestLand_JavaTimor,biomass_tree_JavaTimor,1
Indonesia,root,AgroForestLand_Kalimantan,AgroForest_NonPasture_Kalimantan,AllForestLand_Kalimantan,biomass_tree_Kalimantan,1
Indonesia,root,AgroForestLand_MalaysiaP,AgroForest_NonPasture_MalaysiaP,AllForestLand_MalaysiaP,biomass_tree_MalaysiaP,1
Indonesia,root,AgroForestLand_SepikR,AgroForest_NonPasture_SepikR,AllForestLand_SepikR,biomass_tree_SepikR,1
Indonesia,root,AgroForestLand_Sulawesi,AgroForest_NonPasture_Sulawesi,AllForestLand_Sulawesi,biomass_tree_Sulawesi,1
Indonesia,root,AgroForestLand_Sumatra,AgroForest_NonPasture_Sumatra,AllForestLand_Sumatra,biomass_tree_Sumatra,1
Japan,root,AgroForestLand_Japan,AgroForest_NonPasture_Japan,AllForestLand_Japan,biomass_tree_Japan,1
Japan,root,AgroForestLand_Taiwan,AgroForest_NonPasture_Taiwan,AllForestLand_Taiwan,biomass_tree_Taiwan,1
Mexico,root,AgroForestLand_California,AgroForest_NonPasture_California,AllForestLand_California,biomass_tree_California,1
Mexico,root,AgroForestLand_CntAmer,AgroForest_NonPasture_CntAmer,AllForestLand_CntAmer,biomass_tree_CntAmer,1
Mexico,root,AgroForestLand_GrijUsuR,AgroForest_NonPasture_GrijUsuR,AllForestLand_GrijUsuR,biomass_tree_GrijUsuR,1
Mexico,root,AgroForestLand_MexBaja,AgroForest_NonPasture_MexBaja,AllForestLand_MexBaja,biomass_tree_MexBaja,1
Mexico,root,AgroForestLand_MexCstNW,AgroForest_NonPasture_MexCstNW,AllForestLand_MexCstNW,biomass_tree_MexCstNW,1
Mexico,root,AgroForestLand_MexCstW,AgroForest_NonPasture_MexCstW,AllForestLand_MexCstW,biomass_tree_MexCstW,1
Mexico,root,AgroForestLand_MexGulf,AgroForest_NonPasture_MexGulf,AllForestLand_MexGulf,biomass_tree_MexGulf,1
Mexico,root,AgroForestLand_MexInt,AgroForest_NonPasture_MexInt,AllForestLand_MexInt,biomass_tree_MexInt,1
Mexico,root,AgroForestLand_Papaloapan,AgroForest_NonPasture_Papaloapan,AllForestLand_Papaloapan,biomass_tree_Papaloapan,1
Mexico,root,AgroForestLand_RioBalsas,AgroForest_NonPasture_RioBalsas,AllForestLand_RioBalsas,biomass_tree_RioBalsas,1
Mexico,root,AgroForestLand_RioGrande,AgroForest_NonPasture_RioGrande,AllForestLand_RioGrande,biomass_tree_RioGrande,1
Mexico,root,AgroForestLand_RioLerma,AgroForest_NonPasture_RioLerma,AllForestLand_RioLerma,biomass_tree_RioLerma,1
Mexico,root,AgroForestLand_RioVerde,AgroForest_NonPasture_RioVerde,AllForestLand_RioVerde,biomass_tree_RioVerde,1
Mexico,root,AgroForestLand_Tehuantpc,AgroForest_NonPasture_Tehuantpc,AllForestLand_Tehuantpc,biomass_tree_Tehuantpc,1
Mexico,root,AgroForestLand_UsaColoRS,AgroForest_NonPasture_UsaColoRS,AllForestLand_UsaColoRS,biomass_tree_UsaColoRS,1
Mexico,root,AgroForestLand_YucatanP,AgroForest_NonPasture_YucatanP,AllForestLand_YucatanP,biomass_tree_YucatanP,1
Middle East,root,AgroForestLand_CaspianE,AgroForest_NonPasture_CaspianE,AllForestLand_CaspianE,biomass_tree_CaspianE,1
Middle East,root,AgroForestLand_CaspianSW,AgroForest_NonPasture_CaspianSW,AllForestLand_CaspianSW,biomass_tree_CaspianSW,1
Middle East,root,AgroForestLand_Iran,AgroForest_NonPasture_Iran,AllForestLand_Iran,biomass_tree_Iran,1
Middle East,root,AgroForestLand_MeditE,AgroForest_NonPasture_MeditE,AllForestLand_MeditE,biomass_tree_MeditE,1
Middle East,root,AgroForestLand_TigrEuphR,AgroForest_NonPasture_TigrEuphR,AllForestLand_TigrEuphR,biomass_tree_TigrEuphR,1
Pakistan,root,AgroForestLand_IndusR,AgroForest_NonPasture_IndusR,AllForestLand_IndusR,biomass_tree_IndusR,1
Russia,root,AgroForestLand_AmurR,AgroForest_NonPasture_AmurR,AllForestLand_AmurR,biomass_tree_AmurR,1
Russia,root,AgroForestLand_ArcticIsl,AgroForest_NonPasture_ArcticIsl,AllForestLand_ArcticIsl,biomass_tree_ArcticIsl,1
Russia,root,AgroForestLand_BalticSea,AgroForest_NonPasture_BalticSea,AllForestLand_BalticSea,biomass_tree_BalticSea,1
Russia,root,AgroForestLand_BarentsSea,AgroForest_NonPasture_BarentsSea,AllForestLand_BarentsSea,biomass_tree_BarentsSea,1
Russia,root,AgroForestLand_BlackSeaN,AgroForest_NonPasture_BlackSeaN,AllForestLand_BlackSeaN,biomass_tree_BlackSeaN,1
Russia,root,AgroForestLand_BlackSeaS,AgroForest_NonPasture_BlackSeaS,AllForestLand_BlackSeaS,biomass_tree_BlackSeaS,1
Russia,root,AgroForestLand_CaspianNE,AgroForest_NonPasture_CaspianNE,AllForestLand_CaspianNE,biomass_tree_CaspianNE,1
Russia,root,AgroForestLand_CaspianSW,AgroForest_NonPasture_CaspianSW,AllForestLand_CaspianSW,biomass_tree_CaspianSW,1
Russia,root,AgroForestLand_DaugavaR,AgroForest_NonPasture_DaugavaR,AllForestLand_DaugavaR,biomass_tree_DaugavaR,1
Russia,root,AgroForestLand_DnieperR,AgroForest_NonPasture_DnieperR,AllForestLand_DnieperR,biomass_tree_DnieperR,1
Russia,root,AgroForestLand_DonR,AgroForest_NonPasture_DonR,AllForestLand_DonR,biomass_tree_DonR,1
Russia,root,AgroForestLand_DvinaRN,AgroForest_NonPasture_DvinaRN,AllForestLand_DvinaRN,biomass_tree_DvinaRN,1
Russia,root,AgroForestLand_Finland,AgroForest_NonPasture_Finland,AllForestLand_Finland,biomass_tree_Finland,1
Russia,root,AgroForestLand_Gobi,AgroForest_NonPasture_Gobi,AllForestLand_Gobi,biomass_tree_Gobi,1
Russia,root,AgroForestLand_KaraSea,AgroForest_NonPasture_KaraSea,AllForestLand_KaraSea,biomass_tree_KaraSea,1
Russia,root,AgroForestLand_LenaR,AgroForest_NonPasture_LenaR,AllForestLand_LenaR,biomass_tree_LenaR,1
Russia,root,AgroForestLand_NarvaR,AgroForest_NonPasture_NarvaR,AllForestLand_NarvaR,biomass_tree_NarvaR,1
Russia,root,AgroForestLand_NemanR,AgroForest_NonPasture_NemanR,AllForestLand_NemanR,biomass_tree_NemanR,1
Russia,root,AgroForestLand_NevaR,AgroForest_NonPasture_NevaR,AllForestLand_NevaR,biomass_tree_NevaR,1
Russia,root,AgroForestLand_ObR,AgroForest_NonPasture_ObR,AllForestLand_ObR,biomass_tree_ObR,1
Russia,root,AgroForestLand_PolandCst,AgroForest_NonPasture_PolandCst,AllForestLand_PolandCst,biomass_tree_PolandCst,1
Russia,root,AgroForestLand_RusCstSE,AgroForest_NonPasture_RusCstSE,AllForestLand_RusCstSE,biomass_tree_RusCstSE,1
Russia,root,AgroForestLand_ScndnvN,AgroForest_NonPasture_ScndnvN,AllForestLand_ScndnvN,biomass_tree_ScndnvN,1
Russia,root,AgroForestLand_SiberiaN,AgroForest_NonPasture_SiberiaN,AllForestLand_SiberiaN,biomass_tree_SiberiaN,1
Russia,root,AgroForestLand_SiberiaW,AgroForest_NonPasture_SiberiaW,AllForestLand_SiberiaW,biomass_tree_SiberiaW,1
Russia,root,AgroForestLand_SyrDaryaR,AgroForest_NonPasture_SyrDaryaR,AllForestLand_SyrDaryaR,biomass_tree_SyrDaryaR,1
Russia,root,AgroForestLand_UralR,AgroForest_NonPasture_UralR,AllForestLand_UralR,biomass_tree_UralR,1
Russia,root,AgroForestLand_VolgaR,AgroForest_NonPasture_VolgaR,AllForestLand_VolgaR,biomass_tree_VolgaR,1
Russia,root,AgroForestLand_YeniseiR,AgroForest_NonPasture_YeniseiR,AllForestLand_YeniseiR,biomass_tree_YeniseiR,1
South Africa,root,AgroForestLand_AfrCstS,AgroForest_NonPasture_AfrCstS,AllForestLand_AfrCstS,biomass_tree_AfrCstS,1
South Africa,root,AgroForestLand_AfrCstSSW,AgroForest_NonPasture_AfrCstSSW,AllForestLand_AfrCstSSW,biomass_tree_AfrCstSSW,1
South Africa,root,AgroForestLand_LimpopoR,AgroForest_NonPasture_LimpopoR,AllForestLand_LimpopoR,biomass_tree_LimpopoR,1
South Africa,root,AgroForestLand_OrangeR,AgroForest_NonPasture_OrangeR,AllForestLand_OrangeR,biomass_tree_OrangeR,1
South America_Northern,root,AgroForestLand_MagdalenaR,AgroForest_NonPasture_MagdalenaR,AllForestLand_MagdalenaR,biomass_tree_MagdalenaR,1
South America_Northern,root,AgroForestLand_OrinocoR,AgroForest_NonPasture_OrinocoR,AllForestLand_OrinocoR,biomass_tree_OrinocoR,1
South America_Northern,root,AgroForestLand_SAmerCstN,AgroForest_NonPasture_SAmerCstN,AllForestLand_SAmerCstN,biomass_tree_SAmerCstN,1
South America_Northern,root,AgroForestLand_SAmerCstNE,AgroForest_NonPasture_SAmerCstNE,AllForestLand_SAmerCstNE,biomass_tree_SAmerCstNE,1
South America_Southern,root,AgroForestLand_ArgCstS,AgroForest_NonPasture_ArgCstS,AllForestLand_ArgCstS,biomass_tree_ArgCstS,1
South America_Southern,root,AgroForestLand_ChileCstN,AgroForest_NonPasture_ChileCstN,AllForestLand_ChileCstN,biomass_tree_ChileCstN,1
South America_Southern,root,AgroForestLand_ChileCstS,AgroForest_NonPasture_ChileCstS,AllForestLand_ChileCstS,biomass_tree_ChileCstS,1
South America_Southern,root,AgroForestLand_ColEcuaCst,AgroForest_NonPasture_ColEcuaCst,AllForestLand_ColEcuaCst,biomass_tree_ColEcuaCst,1
South America_Southern,root,AgroForestLand_LaPuna,AgroForest_NonPasture_LaPuna,AllForestLand_LaPuna,biomass_tree_LaPuna,1
South America_Southern,root,AgroForestLand_NegroR,AgroForest_NonPasture_NegroR,AllForestLand_NegroR,biomass_tree_NegroR,1
South America_Southern,root,AgroForestLand_OrinocoR,AgroForest_NonPasture_OrinocoR,AllForestLand_OrinocoR,biomass_tree_OrinocoR,1
South America_Southern,root,AgroForestLand_PeruCst,AgroForest_NonPasture_PeruCst,AllForestLand_PeruCst,biomass_tree_PeruCst,1
South America_Southern,root,AgroForestLand_RioLaPlata,AgroForest_NonPasture_RioLaPlata,AllForestLand_RioLaPlata,biomass_tree_RioLaPlata,1
South Asia,root,AgroForestLand_AmuDaryaR,AgroForest_NonPasture_AmuDaryaR,AllForestLand_AmuDaryaR,biomass_tree_AmuDaryaR,1
South Asia,root,AgroForestLand_BengalBay,AgroForest_NonPasture_BengalBay,AllForestLand_BengalBay,biomass_tree_BengalBay,1
South Asia,root,AgroForestLand_GangesR,AgroForest_NonPasture_GangesR,AllForestLand_GangesR,biomass_tree_GangesR,1
South Asia,root,AgroForestLand_SriLanka,AgroForest_NonPasture_SriLanka,AllForestLand_SriLanka,biomass_tree_SriLanka,1
South Korea,root,AgroForestLand_Korea,AgroForest_NonPasture_Korea,AllForestLand_Korea,biomass_tree_Korea,1
Southeast Asia,root,AgroForestLand_BengalBay,AgroForest_NonPasture_BengalBay,AllForestLand_BengalBay,biomass_tree_BengalBay,1
Southeast Asia,root,AgroForestLand_BoHai,AgroForest_NonPasture_BoHai,AllForestLand_BoHai,biomass_tree_BoHai,1
Southeast Asia,root,AgroForestLand_BorneoCstN,AgroForest_NonPasture_BorneoCstN,AllForestLand_BorneoCstN,biomass_tree_BorneoCstN,1
Southeast Asia,root,AgroForestLand_ChaoPhrR,AgroForest_NonPasture_ChaoPhrR,AllForestLand_ChaoPhrR,biomass_tree_ChaoPhrR,1
Southeast Asia,root,AgroForestLand_FlyR,AgroForest_NonPasture_FlyR,AllForestLand_FlyR,biomass_tree_FlyR,1
Southeast Asia,root,AgroForestLand_GangesR,AgroForest_NonPasture_GangesR,AllForestLand_GangesR,biomass_tree_GangesR,1
Southeast Asia,root,AgroForestLand_Hong,AgroForest_NonPasture_Hong,AllForestLand_Hong,biomass_tree_Hong,1
Southeast Asia,root,AgroForestLand_IdnE,AgroForest_NonPasture_IdnE,AllForestLand_IdnE,biomass_tree_IdnE,1
Southeast Asia,root,AgroForestLand_IrianJaya,AgroForest_NonPasture_IrianJaya,AllForestLand_IrianJaya,biomass_tree_IrianJaya,1
Southeast Asia,root,AgroForestLand_IrrawaddyR,AgroForest_NonPasture_IrrawaddyR,AllForestLand_IrrawaddyR,biomass_tree_IrrawaddyR,1
Southeast Asia,root,AgroForestLand_JavaTimor,AgroForest_NonPasture_JavaTimor,AllForestLand_JavaTimor,biomass_tree_JavaTimor,1
Southeast Asia,root,AgroForestLand_Kalimantan,AgroForest_NonPasture_Kalimantan,AllForestLand_Kalimantan,biomass_tree_Kalimantan,1
Southeast Asia,root,AgroForestLand_Korea,AgroForest_NonPasture_Korea,AllForestLand_Korea,biomass_tree_Korea,1
Southeast Asia,root,AgroForestLand_MalaysiaP,AgroForest_NonPasture_MalaysiaP,AllForestLand_MalaysiaP,biomass_tree_MalaysiaP,1
Southeast Asia,root,AgroForestLand_Mekong,AgroForest_NonPasture_Mekong,AllForestLand_Mekong,biomass_tree_Mekong,1
Southeast Asia,root,AgroForestLand_NewCaledn,AgroForest_NonPasture_NewCaledn,AllForestLand_NewCaledn,biomass_tree_NewCaledn,1
Southeast Asia,root,AgroForestLand_PapuaCst,AgroForest_NonPasture_PapuaCst,AllForestLand_PapuaCst,biomass_tree_PapuaCst,1
Southeast Asia,root,AgroForestLand_Phlppns,AgroForest_NonPasture_Phlppns,AllForestLand_Phlppns,biomass_tree_Phlppns,1
Southeast Asia,root,AgroForestLand_RusCstSE,AgroForest_NonPasture_RusCstSE,AllForestLand_RusCstSE,biomass_tree_RusCstSE,1
Southeast Asia,root,AgroForestLand_Salween,AgroForest_NonPasture_Salween,AllForestLand_Salween,biomass_tree_Salween,1
Southeast Asia,root,AgroForestLand_SChinaSea,AgroForest_NonPasture_SChinaSea,AllForestLand_SChinaSea,biomass_tree_SChinaSea,1
Southeast Asia,root,AgroForestLand_SepikR,AgroForest_NonPasture_SepikR,AllForestLand_SepikR,biomass_tree_SepikR,1
Southeast Asia,root,AgroForestLand_SittaungR,AgroForest_NonPasture_SittaungR,AllForestLand_SittaungR,biomass_tree_SittaungR,1
Southeast Asia,root,AgroForestLand_ThaiGulf,AgroForest_NonPasture_ThaiGulf,AllForestLand_ThaiGulf,biomass_tree_ThaiGulf,1
Southeast Asia,root,AgroForestLand_VietnamCst,AgroForest_NonPasture_VietnamCst,AllForestLand_VietnamCst,biomass_tree_VietnamCst,1
Southeast Asia,root,AgroForestLand_XunJiang,AgroForest_NonPasture_XunJiang,AllForestLand_XunJiang,biomass_tree_XunJiang,1
Argentina,root,AgroForestLand_ArgColoR,AgroForest_NonPasture_ArgColoR,AllForestLand_ArgColoR,biomass_tree_ArgColoR,1
Argentina,root,AgroForestLand_ArgCstN,AgroForest_NonPasture_ArgCstN,AllForestLand_ArgCstN,biomass_tree_ArgCstN,1
Argentina,root,AgroForestLand_ArgCstS,AgroForest_NonPasture_ArgCstS,AllForestLand_ArgCstS,biomass_tree_ArgCstS,1
Argentina,root,AgroForestLand_ChileCstS,AgroForest_NonPasture_ChileCstS,AllForestLand_ChileCstS,biomass_tree_ChileCstS,1
Argentina,root,AgroForestLand_MarChiq,AgroForest_NonPasture_MarChiq,AllForestLand_MarChiq,biomass_tree_MarChiq,1
Argentina,root,AgroForestLand_NegroR,AgroForest_NonPasture_NegroR,AllForestLand_NegroR,biomass_tree_NegroR,1
Argentina,root,AgroForestLand_Pampas,AgroForest_NonPasture_Pampas,AllForestLand_Pampas,biomass_tree_Pampas,1
Argentina,root,AgroForestLand_Patagonia,AgroForest_NonPasture_Patagonia,AllForestLand_Patagonia,biomass_tree_Patagonia,1
Argentina,root,AgroForestLand_RioLaPlata,AgroForest_NonPasture_RioLaPlata,AllForestLand_RioLaPlata,biomass_tree_RioLaPlata,1
Argentina,root,AgroForestLand_Salinas,AgroForest_NonPasture_Salinas,AllForestLand_Salinas,biomass_tree_Salinas,1
Colombia,root,AgroForestLand_ColEcuaCst,AgroForest_NonPasture_ColEcuaCst,AllForestLand_ColEcuaCst,biomass_tree_ColEcuaCst,1
Colombia,root,AgroForestLand_MagdalenaR,AgroForest_NonPasture_MagdalenaR,AllForestLand_MagdalenaR,biomass_tree_MagdalenaR,1
Colombia,root,AgroForestLand_OrinocoR,AgroForest_NonPasture_OrinocoR,AllForestLand_OrinocoR,biomass_tree_OrinocoR,1
Colombia,root,AgroForestLand_SAmerCstN,AgroForest_NonPasture_SAmerCstN,AllForestLand_SAmerCstN,biomass_tree_SAmerCstN,1
